kyc_id,customer_id,kyc_type,status,last_updated
14001,2714,Aadhaar,Pending,2025-07-22
14002,2388,Aadhaar,Expired,2026-06-21
14003,1329,Aadhaar,Complete,2024-10-02
14004,1094,Aadhaar,Complete,2024-12-26
14005,1102,Aadhaar,Complete,2026-04-20
14006,2050,Aadhaar,Complete,2025-10-20
14007,2519,Aadhaar,Complete,2026-04-03
14008,2021,Aadhaar,Complete,2025-10-05
14009,1429,Aadhaar,Pending,2026-03-14
14010,1631,Aadhaar,Complete,2025-12-08
14011,2456,Aadhaar,Complete,2025-05-31
14012,2415,Driving License,Complete,2026-01-13
14013,1104,Aadhaar,Complete,2026-04-21
14014,2697,Aadhaar,Complete,2025-12-13
14015,1820,Aadhaar,Complete,2025-01-12
14016,1016,Aadhaar,Complete,2024-09-13
14017,2105,Passport,Complete,2025-02-22
14018,1301,Aadhaar,Complete,2025-11-11
14019,1762,Aadhaar,Complete,2026-02-25
14020,2609,Aadhaar,Complete,2025-05-03
14021,2372,Aadhaar,Complete,2025-04-02
14022,2014,Aadhaar,Complete,2025-07-04
14023,1249,Aadhaar,Complete,2025-10-18
14024,2498,Aadhaar,Complete,2024-09-27
14025,2198,Aadhaar,Complete,2024-09-08
14026,2574,Voter ID,Pending,2025-03-23
14027,1669,Aadhaar,Complete,2026-05-28
14028,1304,Voter ID,Complete,2026-05-30
14029,2049,Aadhaar,Complete,2025-04-20
14030,1129,Aadhaar,Complete,2025-11-14
14031,1393,Aadhaar,Complete,2025-04-19
14032,2015,Aadhaar,Complete,2025-01-13
14033,1496,Aadhaar,Complete,2026-04-24
14034,1143,Driving License,Complete,2025-12-14
14035,2695,Aadhaar,Complete,2025-12-29
14036,1495,Aadhaar,Complete,2025-07-29
14037,2719,Voter ID,Complete,2025-02-20
14038,2692,Aadhaar,Complete,2024-11-01
14039,1069,Aadhaar,Complete,2025-01-19
14040,1035,Aadhaar,Complete,2025-09-13
14041,1139,Aadhaar,Expired,2026-03-20
14042,1067,Driving License,Complete,2025-05-06
14043,1816,Aadhaar,Expired,2026-05-01
14044,2348,Voter ID,Complete,2025-05-15
14045,2196,Aadhaar,Complete,2024-11-08
14046,1764,Aadhaar,Complete,2024-08-28
14047,2212,Aadhaar,Complete,2025-06-26
14048,2074,Passport,Complete,2025-08-19
14049,1004,Aadhaar,Expired,2025-07-14
14050,2794,Aadhaar,Complete,2025-04-29
14051,2245,Voter ID,Complete,2026-05-30
14052,1095,Aadhaar,Complete,2025-07-31
14053,1751,Aadhaar,Complete,2025-01-05
14054,1512,Aadhaar,Complete,2026-04-06
14055,1912,Voter ID,Complete,2025-01-19
14056,1235,Aadhaar,Complete,2024-10-19
14057,1482,Aadhaar,Complete,2025-10-03
14058,1591,Aadhaar,Complete,2024-10-19
14059,1981,Passport,Complete,2025-04-16
14060,2547,Passport,Complete,2025-05-22
14061,2542,Aadhaar,Complete,2026-07-26
14062,1776,Aadhaar,Complete,2025-02-28
14063,2362,Aadhaar,Complete,2026-04-18
14064,1782,Aadhaar,Complete,2024-11-08
14065,1733,Driving License,Complete,2026-01-06
14066,1965,Aadhaar,Complete,2025-03-28
14067,1742,Voter ID,Complete,2024-11-14
14068,2149,Driving License,Complete,2026-03-23
14069,1199,Aadhaar,Complete,2025-09-12
14070,1772,Voter ID,Complete,2026-03-26
14071,1858,Driving License,Complete,2025-06-05
14072,1556,Aadhaar,Complete,2025-04-11
14073,2630,Aadhaar,Complete,2025-04-02
14074,1864,Aadhaar,Complete,2026-01-09
14075,2761,Aadhaar,Complete,2025-12-03
14076,2427,Aadhaar,Complete,2024-10-10
14077,1262,Aadhaar,Complete,2025-01-18
14078,1051,Aadhaar,Complete,2026-08-07
14079,2006,Voter ID,Complete,2026-08-04
14080,1781,Aadhaar,Complete,2026-06-21
14081,1437,Aadhaar,Complete,2024-10-16
14082,2307,Aadhaar,Expired,2024-10-18
14083,2785,Aadhaar,Complete,2025-12-04
14084,2718,Aadhaar,Complete,2026-04-25
14085,2536,Aadhaar,Complete,2025-04-25
14086,2754,Aadhaar,Complete,2026-06-15
14087,1254,Passport,Complete,2026-03-03
14088,1911,Aadhaar,Complete,2025-01-04
14089,1814,Aadhaar,Complete,2025-04-05
14090,1502,Aadhaar,Complete,2025-12-04
14091,1624,Aadhaar,Complete,2026-04-27
14092,1085,Aadhaar,Complete,2024-12-11
14093,2013,Aadhaar,Complete,2025-11-19
14094,2168,Aadhaar,Complete,2025-04-07
14095,1155,Aadhaar,Complete,2025-07-31
14096,2653,Aadhaar,Complete,2025-11-24
14097,1640,Aadhaar,Complete,2024-12-26
14098,2571,Aadhaar,Complete,2024-11-04
14099,2353,Aadhaar,Complete,2025-11-19
14100,2482,Voter ID,Pending,2025-05-08
14101,1647,Driving License,Complete,2026-05-12
14102,1973,Aadhaar,Complete,2026-01-08
14103,1118,Aadhaar,Complete,2024-09-13
14104,2349,Aadhaar,Complete,2025-07-06
14105,2686,Aadhaar,Complete,2025-11-27
14106,1277,Aadhaar,Complete,2025-06-29
14107,1832,Aadhaar,Complete,2025-10-24
14108,1370,Aadhaar,Complete,2026-02-03
14109,2790,Aadhaar,Complete,2025-05-12
14110,1573,Aadhaar,Complete,2025-03-28
14111,2594,Aadhaar,Complete,2025-08-01
14112,1065,Aadhaar,Complete,2025-02-22
14113,2331,Voter ID,Complete,2025-05-03
14114,2125,Aadhaar,Pending,2024-09-28
14115,1260,Aadhaar,Complete,2025-08-10
14116,2292,Aadhaar,Complete,2026-01-06
14117,1880,Aadhaar,Complete,2025-01-23
14118,1926,Aadhaar,Complete,2025-12-12
14119,1121,Driving License,Complete,2026-05-30
14120,1935,Aadhaar,Complete,2025-05-25
14121,1537,Voter ID,Complete,2026-01-09
14122,2344,Aadhaar,Expired,2026-03-14
14123,2676,Aadhaar,Complete,2025-08-26
14124,2530,Aadhaar,Complete,2025-01-04
14125,1158,Aadhaar,Complete,2026-04-01
14126,1224,Aadhaar,Complete,2026-04-18
14127,1817,Aadhaar,Pending,2025-02-07
14128,1893,Aadhaar,Complete,2024-10-29
14129,1151,Aadhaar,Complete,2024-12-01
14130,1868,Aadhaar,Complete,2026-01-25
14131,2778,Aadhaar,Complete,2026-03-14
14132,2586,Voter ID,Complete,2026-04-23
14133,1293,Voter ID,Complete,2025-10-02
14134,1835,Aadhaar,Complete,2026-07-15
14135,2573,Driving License,Complete,2025-12-04
14136,1778,Aadhaar,Complete,2024-08-19
14137,2329,Driving License,Complete,2026-06-15
14138,2479,Aadhaar,Complete,2025-07-13
14139,1765,Aadhaar,Pending,2026-06-29
14140,1448,Aadhaar,Complete,2026-08-03
14141,2302,Aadhaar,Complete,2024-11-13
14142,2114,Aadhaar,Complete,2024-10-31
14143,2700,Aadhaar,Complete,2026-07-24
14144,2134,Aadhaar,Complete,2025-10-20
14145,2119,Aadhaar,Complete,2026-06-22
14146,2007,Passport,Complete,2025-02-08
14147,2194,Aadhaar,Complete,2024-10-01
14148,2788,Aadhaar,Complete,2025-01-01
14149,2773,Aadhaar,Complete,2025-12-25
14150,1275,Aadhaar,Complete,2025-02-06
14151,1442,Aadhaar,Complete,2025-08-14
14152,1789,Aadhaar,Complete,2025-02-10
14153,1517,Aadhaar,Complete,2025-01-10
14154,1954,Aadhaar,Complete,2025-02-05
14155,1112,Aadhaar,Complete,2025-01-07
14156,1931,Aadhaar,Complete,2025-11-13
14157,1934,Aadhaar,Complete,2026-03-17
14158,2799,Driving License,Complete,2024-09-05
14159,2795,Aadhaar,Complete,2025-11-09
14160,1272,Aadhaar,Complete,2025-03-15
14161,2468,Aadhaar,Complete,2026-05-11
14162,2473,Aadhaar,Complete,2026-01-19
14163,2732,Aadhaar,Complete,2025-10-21
14164,1533,Aadhaar,Complete,2025-09-25
14165,1865,Aadhaar,Expired,2026-04-21
14166,1920,Passport,Expired,2026-05-04
14167,2380,Aadhaar,Expired,2026-06-19
14168,2588,Aadhaar,Complete,2024-11-21
14169,1115,Aadhaar,Complete,2025-04-19
14170,2560,Aadhaar,Complete,2024-11-25
14171,1162,Voter ID,Complete,2025-07-18
14172,1705,Aadhaar,Complete,2026-04-29
14173,1489,Aadhaar,Complete,2024-09-19
14174,1361,Driving License,Complete,2025-06-06
14175,1038,Aadhaar,Complete,2026-08-04
14176,1830,Aadhaar,Complete,2025-01-01
14177,1229,Aadhaar,Complete,2025-04-15
14178,2047,Aadhaar,Complete,2026-02-26
14179,2037,Aadhaar,Complete,2025-07-06
14180,1481,Aadhaar,Complete,2025-05-01
14181,2316,Aadhaar,Complete,2026-03-13
14182,2394,Aadhaar,Complete,2024-10-31
14183,2608,Aadhaar,Complete,2026-03-16
14184,2563,Aadhaar,Complete,2025-02-14
14185,1453,Aadhaar,Complete,2024-11-18
14186,1843,Aadhaar,Pending,2025-10-16
14187,2802,Aadhaar,Complete,2025-11-03
14188,1379,Passport,Complete,2025-02-01
14189,1503,Aadhaar,Complete,2024-09-24
14190,2293,Aadhaar,Complete,2026-07-28
14191,1532,Passport,Complete,2026-03-26
14192,2053,Aadhaar,Expired,2026-05-02
14193,1444,Aadhaar,Complete,2026-03-10
14194,1006,Aadhaar,Complete,2025-09-12
14195,2396,Aadhaar,Complete,2025-06-16
14196,2575,Aadhaar,Complete,2025-10-02
14197,1940,Aadhaar,Complete,2026-05-19
14198,1458,Aadhaar,Complete,2026-01-29
14199,1568,Driving License,Complete,2026-02-05
14200,2760,Aadhaar,Complete,2024-08-31
14201,1894,Aadhaar,Complete,2025-11-10
14202,1406,Aadhaar,Complete,2025-07-07
14203,1879,Aadhaar,Complete,2025-09-24
14204,1200,Driving License,Complete,2026-06-01
14205,1083,Aadhaar,Complete,2026-05-09
14206,2696,Aadhaar,Complete,2025-03-20
14207,2764,Aadhaar,Complete,2026-03-24
14208,1535,Aadhaar,Complete,2026-03-30
14209,1025,Voter ID,Complete,2026-03-16
14210,2075,Aadhaar,Complete,2026-07-30
14211,2275,Aadhaar,Complete,2026-06-18
14212,1031,Aadhaar,Expired,2026-06-29
14213,2809,Aadhaar,Complete,2025-04-13
14214,2110,Aadhaar,Complete,2025-11-27
14215,1119,Aadhaar,Complete,2024-08-16
14216,1989,Aadhaar,Complete,2026-03-19
14217,1326,Voter ID,Complete,2026-04-06
14218,1052,Aadhaar,Complete,2026-05-16
14219,2395,Aadhaar,Complete,2026-06-16
14220,2253,Aadhaar,Complete,2025-01-16
14221,1642,Aadhaar,Complete,2026-01-30
14222,2378,Driving License,Complete,2025-09-23
14223,2562,Aadhaar,Complete,2026-01-03
14224,2019,Aadhaar,Complete,2026-08-07
14225,2338,Aadhaar,Complete,2025-10-07
14226,1838,Aadhaar,Complete,2025-10-26
14227,1227,Aadhaar,Complete,2024-12-11
14228,1192,Aadhaar,Complete,2026-08-03
14229,2603,Aadhaar,Complete,2025-04-15
14230,2627,Voter ID,Complete,2025-04-08
14231,2579,Aadhaar,Complete,2024-08-14
14232,1177,Aadhaar,Complete,2024-11-13
14233,1425,Passport,Expired,2025-07-11
14234,1967,Aadhaar,Pending,2025-10-13
14235,1784,Driving License,Complete,2024-09-18
14236,2705,Driving License,Complete,2024-10-18
14237,1343,Aadhaar,Complete,2025-10-23
14238,1424,Aadhaar,Complete,2024-12-26
14239,2180,Aadhaar,Complete,2025-02-10
14240,1964,Aadhaar,Complete,2025-08-09
14241,1218,Aadhaar,Complete,2024-09-07
14242,2596,Aadhaar,Expired,2025-12-22
14243,1354,Driving License,Complete,2025-01-04
14244,2219,Voter ID,Complete,2024-12-05
14245,1371,Aadhaar,Complete,2025-03-21
14246,2220,Aadhaar,Complete,2025-10-09
14247,1130,Aadhaar,Complete,2026-05-22
14248,1719,Aadhaar,Complete,2025-10-22
14249,1204,Aadhaar,Complete,2024-09-26
14250,1327,Voter ID,Complete,2026-05-06
14251,1012,Aadhaar,Complete,2025-08-13
14252,1404,Aadhaar,Complete,2026-06-24
14253,1526,Aadhaar,Pending,2025-06-22
14254,2725,Aadhaar,Complete,2025-01-26
14255,1898,Aadhaar,Expired,2025-07-05
14256,1706,Aadhaar,Complete,2024-12-10
14257,1105,Passport,Expired,2024-11-05
14258,2363,Aadhaar,Expired,2026-01-26
14259,2602,Aadhaar,Complete,2025-06-01
14260,2677,Aadhaar,Complete,2025-08-18
14261,1819,Aadhaar,Complete,2025-11-20
14262,1089,Aadhaar,Complete,2025-04-02
14263,2567,Aadhaar,Complete,2024-08-25
14264,2234,Aadhaar,Complete,2025-04-12
14265,2446,Aadhaar,Complete,2025-08-14
14266,1649,Aadhaar,Complete,2026-06-15
14267,1895,Voter ID,Complete,2025-11-16
14268,2431,Aadhaar,Pending,2026-01-01
14269,1309,Aadhaar,Complete,2025-03-10
14270,1438,Aadhaar,Complete,2026-03-15
14271,2306,Aadhaar,Complete,2026-07-14
14272,1440,Aadhaar,Complete,2024-09-20
14273,2364,Aadhaar,Complete,2024-10-03
14274,1221,Aadhaar,Expired,2026-05-30
14275,1413,Aadhaar,Complete,2025-12-29
14276,1766,Aadhaar,Complete,2025-07-21
14277,1383,Voter ID,Complete,2025-06-25
14278,2337,Aadhaar,Complete,2024-12-11
14279,1298,Aadhaar,Complete,2025-05-03
14280,2108,Aadhaar,Complete,2026-06-07
14281,2010,Aadhaar,Complete,2026-06-16
14282,1114,Aadhaar,Expired,2024-10-03
14283,1088,Aadhaar,Complete,2025-01-01
14284,1831,Aadhaar,Complete,2025-09-02
14285,1606,Aadhaar,Complete,2025-11-23
14286,1968,Aadhaar,Complete,2026-02-05
14287,1324,Aadhaar,Complete,2025-07-07
14288,2354,Aadhaar,Complete,2025-12-14
14289,1930,Aadhaar,Complete,2024-12-18
14290,1666,Driving License,Complete,2024-10-14
14291,1213,Aadhaar,Complete,2025-01-15
14292,2054,Aadhaar,Complete,2025-11-27
14293,2406,Aadhaar,Complete,2025-07-26
14294,2368,Aadhaar,Complete,2025-05-09
14295,1422,Aadhaar,Complete,2025-12-27
14296,2485,Aadhaar,Complete,2026-02-19
14297,1418,Aadhaar,Expired,2024-10-27
14298,1856,Aadhaar,Complete,2025-04-06
14299,1028,Aadhaar,Complete,2025-07-01
14300,1874,Aadhaar,Complete,2026-03-06
14301,1447,Aadhaar,Complete,2025-10-15
14302,1677,Aadhaar,Complete,2026-02-26
14303,1432,Aadhaar,Complete,2025-05-25
14304,2803,Aadhaar,Complete,2024-09-06
14305,2583,Aadhaar,Complete,2025-04-07
14306,2340,Aadhaar,Complete,2025-12-08
14307,2628,Aadhaar,Complete,2024-09-26
14308,2520,Aadhaar,Complete,2025-06-30
14309,1398,Passport,Complete,2026-04-03
14310,2004,Aadhaar,Pending,2025-09-05
14311,1799,Passport,Complete,2026-02-10
14312,1081,Aadhaar,Expired,2025-10-04
14313,2057,Aadhaar,Complete,2026-05-07
14314,1011,Aadhaar,Complete,2025-08-07
14315,1053,Aadhaar,Complete,2025-05-12
14316,2069,Aadhaar,Complete,2025-09-20
14317,2551,Aadhaar,Complete,2024-10-01
14318,1901,Aadhaar,Complete,2025-11-16
14319,2804,Aadhaar,Complete,2025-05-25
14320,1596,Aadhaar,Complete,2025-10-01
14321,1861,Aadhaar,Complete,2026-02-07
14322,1331,Aadhaar,Complete,2026-06-04
14323,1570,Aadhaar,Complete,2025-03-15
14324,1497,Aadhaar,Complete,2025-12-04
14325,2733,Aadhaar,Complete,2025-01-09
14326,2094,Aadhaar,Complete,2025-01-16
14327,2451,Aadhaar,Complete,2025-08-30
14328,2061,Aadhaar,Complete,2025-04-18
14329,2675,Aadhaar,Complete,2025-05-26
14330,1170,Aadhaar,Complete,2026-05-27
14331,2043,Aadhaar,Complete,2026-03-18
14332,1099,Aadhaar,Complete,2026-02-09
14333,2258,Aadhaar,Complete,2026-05-15
14334,2726,Aadhaar,Complete,2025-01-30
14335,2554,Aadhaar,Complete,2025-11-21
14336,2127,Aadhaar,Complete,2026-06-22
14337,2434,Driving License,Complete,2024-10-01
14338,1476,Aadhaar,Pending,2026-04-15
14339,2172,Aadhaar,Complete,2026-05-20
14340,2390,Aadhaar,Complete,2026-03-19
14341,1344,Voter ID,Complete,2025-11-07
14342,2058,Aadhaar,Pending,2025-08-21
14343,1152,Aadhaar,Complete,2024-12-31
14344,1936,Voter ID,Complete,2025-09-09
14345,1693,Voter ID,Complete,2025-06-17
14346,1841,Aadhaar,Expired,2024-08-30
14347,1166,Aadhaar,Complete,2025-04-18
14348,1836,Passport,Complete,2026-08-05
14349,1126,Aadhaar,Expired,2025-04-17
14350,1683,Aadhaar,Complete,2025-09-24
14351,1548,Aadhaar,Complete,2025-11-20
14352,2472,Aadhaar,Complete,2025-04-18
14353,1610,Aadhaar,Complete,2025-03-07
14354,1271,Aadhaar,Complete,2025-09-01
14355,2017,Aadhaar,Complete,2026-06-28
14356,1468,Aadhaar,Complete,2024-10-21
14357,2216,Aadhaar,Complete,2025-03-28
14358,1553,Aadhaar,Complete,2026-02-20
14359,1205,Passport,Complete,2025-02-23
14360,2780,Aadhaar,Complete,2025-05-23
14361,2597,Aadhaar,Complete,2024-10-23
14362,2277,Aadhaar,Complete,2025-09-02
14363,1187,Passport,Complete,2024-09-03
14364,1419,Aadhaar,Expired,2025-03-18
14365,1161,Aadhaar,Complete,2025-09-03
14366,1863,Aadhaar,Expired,2024-09-10
14367,2469,Aadhaar,Complete,2025-06-08
14368,1929,Aadhaar,Complete,2025-04-05
14369,1684,Voter ID,Complete,2024-08-16
14370,1342,Aadhaar,Expired,2026-02-27
14371,2131,Aadhaar,Complete,2025-03-31
14372,1747,Aadhaar,Complete,2025-10-05
14373,1974,Aadhaar,Pending,2025-09-22
14374,1002,Aadhaar,Complete,2024-10-08
14375,1461,Aadhaar,Complete,2026-03-27
14376,1657,Aadhaar,Complete,2025-11-05
14377,1407,Voter ID,Complete,2025-05-26
14378,2384,Aadhaar,Complete,2025-07-02
14379,1209,Aadhaar,Complete,2026-05-14
14380,1726,Aadhaar,Complete,2024-12-09
14381,2569,Aadhaar,Expired,2024-12-02
14382,2699,Voter ID,Complete,2025-09-25
14383,1653,Passport,Complete,2025-09-19
14384,2367,Aadhaar,Complete,2025-11-09
14385,2534,Aadhaar,Complete,2025-08-28
14386,2688,Aadhaar,Complete,2025-01-22
14387,2658,Aadhaar,Complete,2026-07-15
14388,2085,Aadhaar,Complete,2025-05-20
14389,1147,Aadhaar,Complete,2025-05-29
14390,2282,Driving License,Complete,2025-09-02
14391,2335,Aadhaar,Complete,2024-11-20
14392,1027,Aadhaar,Complete,2026-04-03
14393,2665,Aadhaar,Pending,2025-07-28
14394,2328,Aadhaar,Complete,2024-11-05
14395,1172,Aadhaar,Complete,2026-07-23
14396,1239,Passport,Complete,2026-03-08
14397,1017,Aadhaar,Complete,2026-03-09
14398,1578,Voter ID,Pending,2025-12-01
14399,2281,Aadhaar,Complete,2025-08-26
14400,2690,Aadhaar,Complete,2026-06-30
14401,1882,Aadhaar,Complete,2024-09-30
14402,2215,Aadhaar,Complete,2026-02-01
14403,1767,Aadhaar,Complete,2025-07-27
14404,2757,Passport,Complete,2025-12-02
14405,1525,Aadhaar,Complete,2025-11-21
14406,1522,Aadhaar,Complete,2025-05-30
14407,1486,Aadhaar,Expired,2024-08-11
14408,1997,Aadhaar,Complete,2025-01-23
14409,2779,Aadhaar,Complete,2025-04-29
14410,1395,Aadhaar,Pending,2026-02-21
14411,1511,Aadhaar,Complete,2026-07-28
14412,1815,Passport,Complete,2024-10-14
14413,1330,Passport,Complete,2025-04-17
14414,2783,Aadhaar,Complete,2026-04-14
14415,1477,Aadhaar,Complete,2026-04-19
14416,2197,Aadhaar,Complete,2026-02-15
14417,1629,Aadhaar,Complete,2024-08-10
14418,1020,Aadhaar,Complete,2025-03-02
14419,2750,Aadhaar,Complete,2025-08-10
14420,2735,Aadhaar,Complete,2025-04-25
14421,2405,Passport,Complete,2025-02-04
14422,2613,Aadhaar,Complete,2026-01-19
14423,1032,Aadhaar,Complete,2025-06-03
14424,1534,Aadhaar,Complete,2026-07-07
14425,1913,Aadhaar,Complete,2026-02-12
14426,1771,Aadhaar,Complete,2025-06-22
14427,1377,Aadhaar,Complete,2026-04-10
14428,2527,Aadhaar,Complete,2026-01-07
14429,1125,Aadhaar,Pending,2025-11-29
14430,1768,Aadhaar,Complete,2025-03-26
14431,2086,Aadhaar,Complete,2026-05-18
14432,1307,Aadhaar,Complete,2024-12-27
14433,2218,Aadhaar,Complete,2025-05-05
14434,1318,Passport,Complete,2026-04-02
14435,1423,Aadhaar,Complete,2024-11-28
14436,2130,Aadhaar,Complete,2025-10-16
14437,2385,Aadhaar,Complete,2025-11-18
14438,1163,Aadhaar,Complete,2026-04-24
14439,2079,Aadhaar,Complete,2025-12-23
14440,2226,Aadhaar,Complete,2025-08-22
14441,1026,Aadhaar,Complete,2025-03-06
14442,1829,Aadhaar,Complete,2025-04-15
14443,2270,Aadhaar,Complete,2025-10-08
14444,1392,Aadhaar,Expired,2025-01-30
14445,2595,Aadhaar,Complete,2026-03-21
14446,2147,Aadhaar,Complete,2026-06-19
14447,1378,Driving License,Complete,2025-07-16
14448,1045,Aadhaar,Complete,2026-01-24
14449,1875,Aadhaar,Expired,2026-03-20
14450,2772,Aadhaar,Complete,2026-07-28
14451,2115,Aadhaar,Complete,2024-11-04
14452,2288,Aadhaar,Complete,2025-01-20
14453,1563,Aadhaar,Complete,2026-08-08
14454,2793,Aadhaar,Complete,2025-11-07
14455,1594,Aadhaar,Pending,2025-01-21
14456,1571,Voter ID,Complete,2025-02-08
14457,1600,Aadhaar,Complete,2025-10-08
14458,2145,Aadhaar,Complete,2026-04-10
14459,2424,Aadhaar,Complete,2025-04-25
14460,1182,Aadhaar,Complete,2025-07-15
14461,2240,Aadhaar,Complete,2025-09-13
14462,2381,Aadhaar,Complete,2024-11-16
14463,2746,Aadhaar,Pending,2025-10-10
14464,2051,Aadhaar,Complete,2025-11-29
14465,1241,Aadhaar,Complete,2024-09-11
14466,1270,Aadhaar,Complete,2025-03-28
14467,2506,Driving License,Complete,2026-06-26
14468,1388,Aadhaar,Expired,2026-07-05
14469,2400,Aadhaar,Complete,2024-09-22
14470,2786,Aadhaar,Complete,2025-12-20
14471,2046,Aadhaar,Complete,2025-04-17
14472,1332,Aadhaar,Complete,2026-08-08
14473,1963,Aadhaar,Complete,2025-09-13
14474,1775,Aadhaar,Pending,2025-03-11
14475,2529,Aadhaar,Complete,2025-11-22
14476,2345,Aadhaar,Complete,2026-08-01
14477,1919,Aadhaar,Pending,2025-07-04
14478,1697,Aadhaar,Pending,2025-02-08
14479,2308,Aadhaar,Complete,2026-04-22
14480,1540,Aadhaar,Complete,2025-11-08
14481,1345,Aadhaar,Complete,2026-07-20
14482,2702,Aadhaar,Complete,2025-12-06
14483,2228,Aadhaar,Complete,2026-02-05
14484,1732,Aadhaar,Complete,2025-11-29
14485,1352,Aadhaar,Complete,2025-12-09
14486,1626,Aadhaar,Complete,2025-10-10
14487,1543,Aadhaar,Complete,2025-03-27
14488,2045,Aadhaar,Complete,2026-07-02
14489,2604,Voter ID,Complete,2026-02-28
14490,2232,Aadhaar,Complete,2026-03-03
14491,2727,Aadhaar,Complete,2024-12-06
14492,2441,Aadhaar,Complete,2026-03-31
14493,2505,Aadhaar,Pending,2025-11-05
14494,1933,Aadhaar,Complete,2026-07-27
14495,2584,Voter ID,Complete,2024-08-28
14496,1668,Driving License,Complete,2024-12-03
14497,1749,Aadhaar,Complete,2025-08-30
14498,1607,Aadhaar,Pending,2025-03-09
14499,1811,Aadhaar,Complete,2025-04-01
14500,1416,Aadhaar,Complete,2024-11-07
14501,2605,Aadhaar,Complete,2025-05-01
14502,1777,Aadhaar,Complete,2024-11-25
14503,2729,Aadhaar,Complete,2026-07-24
14504,1527,Aadhaar,Complete,2025-08-13
14505,2181,Aadhaar,Complete,2025-11-24
14506,2305,Aadhaar,Complete,2024-09-11
14507,2589,Voter ID,Complete,2025-08-27
14508,1323,Aadhaar,Complete,2024-12-18
14509,1688,Aadhaar,Complete,2025-02-18
14510,2715,Voter ID,Complete,2025-01-19
14511,2600,Aadhaar,Expired,2026-01-17
14512,2268,Aadhaar,Complete,2026-03-16
14513,1090,Aadhaar,Complete,2026-05-25
14514,2413,Aadhaar,Complete,2025-10-17
14515,1173,Driving License,Complete,2026-07-23
14516,2649,Aadhaar,Complete,2024-09-26
14517,1335,Passport,Complete,2026-03-21
14518,1538,Aadhaar,Complete,2026-02-07
14519,2454,Voter ID,Complete,2026-01-24
14520,1387,Aadhaar,Complete,2025-11-21
14521,2166,Aadhaar,Complete,2024-09-08
14522,2587,Aadhaar,Complete,2025-02-12
14523,1809,Aadhaar,Complete,2026-05-11
14524,2417,Aadhaar,Complete,2025-11-04
14525,1660,Aadhaar,Complete,2025-03-15
14526,1620,Aadhaar,Complete,2025-06-11
14527,1808,Aadhaar,Complete,2024-09-10
14528,2425,Aadhaar,Complete,2026-05-14
14529,1961,Aadhaar,Complete,2026-05-14
14530,2160,Aadhaar,Complete,2024-11-27
14531,2106,Aadhaar,Complete,2025-09-02
14532,1210,Aadhaar,Complete,2024-09-14
14533,2615,Aadhaar,Pending,2024-12-05
14534,1950,Aadhaar,Complete,2025-09-17
14535,2294,Aadhaar,Complete,2024-08-18
14536,1308,Aadhaar,Complete,2025-01-14
14537,1922,Driving License,Pending,2025-04-06
14538,1621,Voter ID,Complete,2024-12-18
14539,1153,Aadhaar,Complete,2025-10-27
14540,2295,Aadhaar,Complete,2026-04-18
14541,2359,Aadhaar,Complete,2025-02-12
14542,1450,Aadhaar,Complete,2024-12-04
14543,1592,Aadhaar,Expired,2025-06-27
14544,1648,Aadhaar,Complete,2025-11-25
14545,2684,Aadhaar,Complete,2024-11-01
14546,2325,Aadhaar,Complete,2024-12-06
14547,1231,Aadhaar,Complete,2026-06-21
14548,1402,Aadhaar,Expired,2025-01-11
14549,1793,Passport,Complete,2024-12-07
14550,1446,Aadhaar,Complete,2026-07-01
14551,1460,Aadhaar,Complete,2024-10-18
14552,1282,Aadhaar,Complete,2025-09-22
14553,1184,Aadhaar,Complete,2024-11-10
14554,1821,Aadhaar,Pending,2026-05-11
14555,1846,Aadhaar,Complete,2025-11-10
14556,1368,Aadhaar,Complete,2025-09-26
14557,2763,Aadhaar,Pending,2025-07-30
14558,2060,Aadhaar,Complete,2025-12-15
14559,1632,Aadhaar,Complete,2024-12-28
14560,2022,Aadhaar,Complete,2025-06-24
14561,1274,Passport,Complete,2025-01-24
14562,2188,Aadhaar,Complete,2024-12-03
14563,1396,Aadhaar,Complete,2025-09-20
14564,2018,Aadhaar,Pending,2025-03-30
14565,1988,Aadhaar,Expired,2024-09-11
14566,1941,Aadhaar,Complete,2024-08-19
14567,2080,Aadhaar,Complete,2025-01-16
14568,2310,Aadhaar,Pending,2025-08-31
14569,2324,Passport,Pending,2025-09-20
14570,2067,Aadhaar,Complete,2026-01-22
14571,2274,Aadhaar,Complete,2024-11-07
14572,1853,Aadhaar,Complete,2026-08-04
14573,2238,Passport,Complete,2025-11-05
14574,1914,Aadhaar,Complete,2024-09-03
14575,1672,Aadhaar,Complete,2026-02-16
14576,1671,Aadhaar,Expired,2025-07-01
14577,1317,Aadhaar,Complete,2024-10-02
14578,2360,Aadhaar,Complete,2026-06-16
14579,2309,Aadhaar,Expired,2026-04-28
14580,1382,Aadhaar,Complete,2025-11-17
14581,2480,Aadhaar,Complete,2025-08-12
14582,1347,Aadhaar,Complete,2025-05-22
14583,1194,Aadhaar,Complete,2025-09-01
14584,1618,Aadhaar,Complete,2025-06-12
14585,1969,Aadhaar,Complete,2026-04-02
14586,1243,Aadhaar,Complete,2024-08-25
14587,1253,Aadhaar,Complete,2024-12-22
14588,1109,Aadhaar,Complete,2025-12-10
14589,1531,Aadhaar,Complete,2025-06-04
14590,1086,Aadhaar,Complete,2025-11-23
14591,2290,Aadhaar,Complete,2025-12-06
14592,1737,Aadhaar,Complete,2026-04-01
14593,2516,Aadhaar,Complete,2026-02-04
14594,1805,Aadhaar,Pending,2026-08-08
14595,2572,Aadhaar,Complete,2025-03-14
14596,2642,Driving License,Complete,2026-04-23
14597,2742,Voter ID,Complete,2025-06-12
14598,1110,Aadhaar,Complete,2025-11-16
14599,1464,Passport,Complete,2026-04-17
14600,2610,Voter ID,Expired,2025-08-30
14601,1521,Aadhaar,Complete,2026-06-07
14602,2623,Voter ID,Complete,2025-02-19
14603,2111,Aadhaar,Complete,2024-09-26
14604,2730,Aadhaar,Pending,2026-03-30
14605,2260,Aadhaar,Complete,2024-11-03
14606,2103,Aadhaar,Pending,2025-04-21
14607,1990,Aadhaar,Complete,2025-01-24
14608,2184,Aadhaar,Complete,2025-06-25
14609,1685,Voter ID,Pending,2025-10-26
14610,2592,Aadhaar,Complete,2025-05-16
14611,2227,Aadhaar,Expired,2025-02-14
14612,1400,Aadhaar,Expired,2025-09-24
14613,1959,Aadhaar,Complete,2025-12-24
14614,2509,Aadhaar,Complete,2025-08-05
14615,1456,Aadhaar,Expired,2026-04-25
14616,1149,Aadhaar,Complete,2026-01-18
14617,2112,Aadhaar,Complete,2026-05-25
14618,2192,Aadhaar,Complete,2026-04-09
14619,2182,Aadhaar,Complete,2025-06-17
14620,2538,Aadhaar,Complete,2024-10-12
14621,1995,Aadhaar,Complete,2024-10-08
14622,1744,Aadhaar,Complete,2024-12-26
14623,1073,Aadhaar,Complete,2025-07-15
14624,1664,Aadhaar,Complete,2026-06-22
14625,2492,Aadhaar,Complete,2024-10-17
14626,1674,Aadhaar,Complete,2024-09-14
14627,2200,Aadhaar,Complete,2025-05-03
14628,1849,Aadhaar,Complete,2025-03-15
14629,2483,Aadhaar,Complete,2025-09-18
14630,2091,Aadhaar,Complete,2026-04-14
14631,2252,Aadhaar,Complete,2025-11-10
14632,2553,Aadhaar,Complete,2024-08-22
14633,2077,Aadhaar,Complete,2025-11-06
14634,1818,Aadhaar,Pending,2026-05-29
14635,1064,Passport,Pending,2024-10-25
14636,2576,Aadhaar,Complete,2025-02-24
14637,1564,Aadhaar,Complete,2026-03-03
14638,2355,Aadhaar,Complete,2025-02-15
14639,2320,Aadhaar,Complete,2024-12-30
14640,1545,Aadhaar,Complete,2024-11-21
14641,1196,Aadhaar,Complete,2025-12-02
14642,2606,Aadhaar,Expired,2025-11-22
14643,1264,Aadhaar,Complete,2026-01-09
14644,1039,Aadhaar,Complete,2026-04-21
14645,1680,Aadhaar,Complete,2024-10-20
14646,1828,Aadhaar,Complete,2024-08-24
14647,1278,Aadhaar,Complete,2025-11-10
14648,2673,Aadhaar,Complete,2024-12-19
14649,2374,Aadhaar,Complete,2024-10-08
14650,1514,Aadhaar,Pending,2025-02-18
14651,1883,Aadhaar,Complete,2026-02-20
14652,2162,Aadhaar,Complete,2026-03-20
14653,1156,Aadhaar,Expired,2025-07-05
14654,1420,Aadhaar,Expired,2024-10-02
14655,2099,Aadhaar,Pending,2025-01-29
14656,2124,Passport,Complete,2025-10-17
14657,2540,Aadhaar,Complete,2024-11-18
14658,1258,Aadhaar,Complete,2025-08-11
14659,1363,Aadhaar,Complete,2024-12-10
14660,2205,Passport,Complete,2025-07-03
14661,1617,Aadhaar,Complete,2026-05-15
14662,1193,Aadhaar,Complete,2026-02-02
14663,1696,Driving License,Complete,2024-10-24
14664,1408,Aadhaar,Complete,2026-02-15
14665,2682,Aadhaar,Complete,2026-08-07
14666,2386,Driving License,Pending,2026-07-12
14667,2269,Aadhaar,Complete,2024-11-29
14668,2770,Voter ID,Complete,2024-09-28
14669,2447,Aadhaar,Complete,2026-02-06
14670,1915,Aadhaar,Complete,2024-08-29
14671,2193,Aadhaar,Complete,2026-03-15
14672,1708,Aadhaar,Complete,2026-04-12
14673,1336,Aadhaar,Complete,2025-11-24
14674,1992,Driving License,Complete,2026-03-11
14675,1417,Aadhaar,Complete,2026-06-20
14676,2765,Passport,Complete,2024-12-05
14677,1433,Aadhaar,Complete,2025-06-15
14678,1122,Aadhaar,Complete,2025-01-13
14679,1325,Passport,Complete,2024-09-03
14680,2206,Aadhaar,Complete,2025-06-24
14681,1615,Aadhaar,Complete,2024-12-22
14682,1297,Aadhaar,Complete,2025-04-02
14683,2023,Aadhaar,Complete,2025-06-21
14684,1212,Aadhaar,Complete,2025-09-17
14685,2568,Aadhaar,Complete,2024-12-09
14686,2593,Aadhaar,Complete,2025-06-20
14687,1796,Aadhaar,Complete,2025-09-09
14688,1586,Aadhaar,Complete,2025-02-21
14689,1159,Aadhaar,Complete,2024-08-10
14690,1471,Aadhaar,Complete,2025-03-30
14691,2474,Aadhaar,Complete,2024-08-13
14692,2771,Aadhaar,Complete,2026-04-07
14693,1349,Passport,Complete,2024-09-28
14694,1061,Aadhaar,Complete,2025-11-26
14695,1013,Aadhaar,Pending,2025-10-14
14696,2490,Aadhaar,Complete,2025-05-10
14697,1581,Aadhaar,Complete,2026-07-31
14698,1485,Aadhaar,Complete,2024-10-25
14699,1951,Aadhaar,Complete,2024-12-11
14700,2428,Aadhaar,Complete,2025-05-18
14701,1314,Aadhaar,Complete,2025-01-25
14702,2784,Aadhaar,Complete,2025-02-09
14703,2265,Aadhaar,Complete,2025-09-03
14704,1554,Aadhaar,Complete,2025-04-24
14705,2135,Aadhaar,Complete,2026-01-18
14706,1730,Aadhaar,Complete,2025-09-23
14707,1168,Aadhaar,Pending,2025-04-27
14708,1127,Aadhaar,Complete,2024-12-25
14709,1675,Aadhaar,Complete,2024-11-27
14710,1208,Aadhaar,Complete,2026-02-15
14711,2423,Aadhaar,Complete,2024-10-13
14712,1738,Aadhaar,Complete,2025-08-22
14713,1707,Aadhaar,Expired,2025-05-23
14714,1622,Aadhaar,Complete,2024-11-16
14715,2791,Aadhaar,Complete,2026-07-20
14716,2421,Aadhaar,Complete,2025-11-17
14717,2455,Aadhaar,Complete,2025-11-09
14718,1439,Aadhaar,Complete,2026-04-05
14719,2250,Aadhaar,Pending,2024-11-11
14720,2011,Aadhaar,Pending,2026-01-09
14721,1179,Aadhaar,Expired,2025-05-23
14722,1365,Aadhaar,Pending,2024-08-10
14723,1800,Passport,Complete,2024-08-12
14724,2247,Aadhaar,Complete,2026-06-09
14725,1852,Aadhaar,Complete,2025-08-27
14726,1614,Aadhaar,Complete,2026-07-18
14727,2607,Aadhaar,Complete,2026-07-01
14728,1071,Driving License,Complete,2026-08-01
14729,2330,Aadhaar,Pending,2025-06-18
14730,1746,Voter ID,Complete,2025-08-31
14731,1773,Driving License,Complete,2026-07-04
14732,2478,Aadhaar,Pending,2025-07-07
14733,2796,Aadhaar,Complete,2025-06-07
14734,2095,Aadhaar,Complete,2026-07-02
14735,2300,Aadhaar,Complete,2025-10-13
14736,1885,Aadhaar,Complete,2025-06-09
14737,1117,Aadhaar,Complete,2025-06-05
14738,2156,Aadhaar,Complete,2024-12-18
14739,1007,Aadhaar,Complete,2025-05-29
14740,1845,Voter ID,Complete,2024-11-05
14741,2787,Aadhaar,Pending,2025-05-20
14742,1757,Aadhaar,Complete,2025-02-03
14743,2116,Aadhaar,Complete,2025-07-15
14744,1247,Aadhaar,Complete,2024-11-11
14745,2383,Aadhaar,Complete,2025-02-02
14746,1867,Aadhaar,Complete,2026-04-08
14747,2484,Aadhaar,Complete,2025-03-18
14748,2178,Aadhaar,Complete,2025-07-07
14749,1290,Aadhaar,Complete,2026-06-28
14750,2503,Aadhaar,Pending,2025-08-03
14751,2207,Voter ID,Complete,2026-05-06
14752,1555,Aadhaar,Complete,2026-02-04
14753,1362,Aadhaar,Complete,2026-01-21
14754,1937,Aadhaar,Expired,2025-01-15
14755,2102,Aadhaar,Complete,2026-06-09
14756,1445,Aadhaar,Pending,2025-05-11
14757,2032,Aadhaar,Complete,2025-04-07
14758,1198,Aadhaar,Complete,2026-07-10
14759,2564,Aadhaar,Complete,2024-09-29
14760,2683,Aadhaar,Complete,2025-12-28
14761,2419,Aadhaar,Complete,2025-09-05
14762,2555,Aadhaar,Complete,2026-02-11
14763,2163,Aadhaar,Complete,2026-06-13
14764,1441,Aadhaar,Complete,2025-08-23
14765,1255,Aadhaar,Complete,2024-12-11
14766,2654,Aadhaar,Complete,2025-04-17
14767,1602,Aadhaar,Complete,2024-08-30
14768,2621,Aadhaar,Complete,2025-11-07
14769,2528,Aadhaar,Complete,2025-02-02
14770,1625,Passport,Complete,2025-09-13
14771,1770,Aadhaar,Complete,2025-05-25
14772,1972,Aadhaar,Complete,2025-10-27
14773,1673,Aadhaar,Complete,2025-12-03
14774,1872,Aadhaar,Complete,2024-10-20
14775,1510,Aadhaar,Pending,2025-04-05
14776,1019,Aadhaar,Complete,2025-01-09
14777,2351,Aadhaar,Complete,2025-05-24
14778,2016,Driving License,Complete,2026-04-08
14779,1962,Aadhaar,Complete,2025-06-03
14780,1273,Aadhaar,Pending,2026-06-04
14781,1579,Aadhaar,Complete,2025-11-23
14782,2515,Aadhaar,Complete,2026-01-16
14783,2738,Aadhaar,Pending,2025-09-15
14784,1520,Aadhaar,Complete,2024-12-20
14785,2789,Aadhaar,Complete,2025-03-11
14786,1234,Aadhaar,Complete,2024-08-12
14787,2504,Aadhaar,Expired,2026-05-22
14788,1854,Aadhaar,Complete,2025-06-11
14789,2230,Aadhaar,Complete,2026-05-11
14790,2689,Aadhaar,Complete,2024-12-25
14791,2117,Aadhaar,Complete,2026-06-19
14792,1907,Driving License,Pending,2025-05-02
14793,1743,Aadhaar,Pending,2025-01-05
14794,1466,Aadhaar,Complete,2025-05-20
14795,2264,Aadhaar,Complete,2025-01-29
14796,1823,Aadhaar,Complete,2025-01-12
14797,2056,Aadhaar,Complete,2025-11-21
14798,1050,Aadhaar,Complete,2025-12-23
14799,1305,Aadhaar,Complete,2025-12-18
14800,2350,Aadhaar,Complete,2024-12-18
14801,1650,Aadhaar,Complete,2026-01-08
14802,1891,Aadhaar,Complete,2025-11-13
14803,2326,Aadhaar,Complete,2026-01-19
14804,1530,Aadhaar,Complete,2025-11-02
14805,2088,Aadhaar,Complete,2024-10-28
14806,2767,Aadhaar,Complete,2025-06-27
14807,2399,Aadhaar,Complete,2025-10-02
14808,1232,Aadhaar,Complete,2025-01-08
14809,1651,Aadhaar,Complete,2025-05-14
14810,1077,Aadhaar,Complete,2025-02-06
14811,1322,Aadhaar,Pending,2025-01-18
14812,1190,Aadhaar,Complete,2024-10-03
14813,2577,Aadhaar,Complete,2026-07-09
14814,2062,Aadhaar,Complete,2026-04-03
14815,1949,Aadhaar,Complete,2026-03-02
14816,1546,Aadhaar,Complete,2024-12-24
14817,1103,Aadhaar,Pending,2025-09-01
14818,1678,Aadhaar,Complete,2026-03-08
14819,1384,Aadhaar,Complete,2024-10-20
14820,2027,Aadhaar,Complete,2026-02-19
14821,1465,Aadhaar,Complete,2025-01-02
14822,2633,Passport,Complete,2026-08-05
14823,2601,Aadhaar,Complete,2026-03-29
14824,1381,Aadhaar,Complete,2025-05-28
14825,1975,Aadhaar,Complete,2026-05-31
14826,1994,Passport,Complete,2026-01-28
14827,2635,Aadhaar,Complete,2024-11-07
14828,1220,Aadhaar,Complete,2025-10-31
14829,2708,Passport,Complete,2025-05-22
14830,1721,Aadhaar,Expired,2026-07-23
14831,2543,Aadhaar,Complete,2025-09-06
14832,1667,Aadhaar,Complete,2025-09-17
14833,2641,Aadhaar,Complete,2025-01-10
14834,2617,Aadhaar,Complete,2026-01-15
14835,1887,Aadhaar,Complete,2025-12-14
14836,2422,Aadhaar,Complete,2026-05-30
14837,1636,Aadhaar,Expired,2024-10-09
14838,2661,Aadhaar,Complete,2026-03-18
14839,1116,Aadhaar,Complete,2025-06-14
14840,2366,Voter ID,Complete,2025-12-25
14841,2648,Aadhaar,Expired,2026-04-26
14842,2549,Aadhaar,Complete,2025-03-23
14843,2279,Aadhaar,Complete,2024-12-02
14844,1160,Aadhaar,Complete,2025-06-19
14845,1228,Aadhaar,Pending,2026-05-24
14846,2639,Aadhaar,Complete,2026-08-02
14847,2070,Aadhaar,Pending,2024-12-25
14848,1999,Aadhaar,Complete,2026-07-02
14849,1639,Aadhaar,Complete,2025-07-09
14850,1686,Aadhaar,Complete,2025-05-01
14851,1279,Aadhaar,Complete,2026-05-19
14852,2239,Aadhaar,Complete,2026-03-21
14853,1268,Aadhaar,Complete,2025-07-22
14854,1230,Passport,Complete,2024-09-17
14855,1802,Aadhaar,Complete,2025-03-06
14856,2296,Aadhaar,Complete,2024-10-14
14857,1925,Aadhaar,Complete,2025-03-17
14858,2636,Aadhaar,Complete,2026-02-06
14859,2161,Aadhaar,Complete,2024-11-27
14860,1195,Aadhaar,Complete,2025-05-24
14861,2042,Aadhaar,Complete,2026-05-13
14862,1462,Aadhaar,Complete,2025-01-20
14863,2457,Aadhaar,Expired,2024-11-18
14864,1704,Voter ID,Complete,2025-12-05
14865,2691,Aadhaar,Complete,2025-04-12
14866,2213,Aadhaar,Complete,2024-08-11
14867,2332,Aadhaar,Complete,2024-11-27
14868,2781,Aadhaar,Complete,2026-04-27
14869,1637,Aadhaar,Complete,2024-09-05
14870,2052,Aadhaar,Expired,2026-07-16
