sim_id,iccid,msisdn,sim_type,status,issue_date
7001,89014523988952549054,9631457717,Nano,Inactive,2026-01-12
7002,89014880021703981626,9519752703,Nano,Active,2024-08-14
7003,89014226043426350406,9063760133,Nano,Active,2023-02-18
7004,89014936880768023783,9816924624,Nano,Active,2026-04-14
7005,89014613274203107225,9321921613,Micro,Active,2023-12-11
7006,89014578113522258680,9564427073,Micro,Active,2023-07-22
7007,89014721220769878942,9752611744,Nano,Inactive,2026-06-22
7008,89014632364304732055,9045768958,Nano,Active,2022-04-09
7009,89014260384209112025,9371579682,Nano,Active,2022-06-06
7010,89014256120011782136,9971399378,Micro,Active,2025-03-30
7011,89014367846481632699,9112168601,Nano,Active,2026-03-27
7012,89014476789091807662,9013038166,Nano,Active,2022-11-28
7013,89014591492065345977,9094890871,Nano,Active,2024-08-26
7014,89014759558852650972,9147450389,Nano,Active,2021-09-05
7015,89014810314669465211,9619471980,Nano,Active,2022-04-05
7016,89014430666311598403,9711559117,Micro,Inactive,2026-03-17
7017,89014458487206692851,9406287036,Micro,Active,2025-04-08
7018,89014627712803362005,9596576052,Nano,Inactive,2023-06-25
7019,89014622229082367850,9751471448,Micro,Active,2022-01-05
7020,89014641149144149512,9476792837,Nano,Blocked,2024-10-07
7021,89014169515366151601,9129360373,Nano,Blocked,2025-05-08
7022,89014762517329602511,9012406996,Nano,Active,2023-11-30
7023,89014829076718234709,9300033618,Nano,Active,2022-07-31
7024,89014876441302242533,9477728139,Nano,Inactive,2024-07-26
7025,89014530500323585184,9726984694,Micro,Active,2022-06-14
7026,89014731017601290487,9304705811,Nano,Active,2022-11-05
7027,89014948674959001739,9070789348,Micro,Active,2022-07-08
7028,89014462891080576118,9906871524,Nano,Active,2025-04-14
7029,89014424743459804343,9867821564,Nano,Active,2024-02-12
7030,89014146541799608233,9633487067,Nano,Active,2021-09-05
7031,89014222714835991162,9124236477,Nano,Inactive,2026-06-19
7032,89014301427866336450,9485475786,Nano,Blocked,2024-08-27
7033,89014166324010894322,9885135188,Micro,Active,2023-02-08
7034,89014289436867255014,9843341034,Nano,Blocked,2021-12-25
7035,89014927697435916479,9923876716,Micro,Active,2021-11-02
7036,89014016583874858247,9491210062,Nano,Inactive,2024-02-21
7037,89014442630902704627,9622843019,Nano,Inactive,2025-04-10
7038,89014166429541185750,9786189381,Nano,Inactive,2021-10-15
7039,89014892995803387600,9427582923,Nano,Active,2022-06-18
7040,89014423490582509293,9901281723,Nano,Active,2022-10-24
7041,89014370393174374151,9338926063,Nano,Active,2025-11-24
7042,89014314598662862320,9533435588,Nano,Active,2023-06-26
7043,89014232915384677107,9426622487,Nano,Active,2026-01-15
7044,89014940332137418606,9850489326,Nano,Active,2025-01-16
7045,89014005780971393071,9679413933,Nano,Blocked,2025-06-03
7046,89014477731883050474,9370616912,Nano,Active,2024-10-30
7047,89014964694102161936,9480293802,Micro,Active,2024-11-16
7048,89014110052657480921,9171781247,Nano,Active,2024-01-17
7049,89014144806485228012,9740122199,Nano,Blocked,2024-11-14
7050,89014058901999602779,9435088568,Nano,Active,2022-09-30
7051,89014675990160160524,9675186493,Nano,Active,2023-03-14
7052,89014870100509674735,9818784289,Nano,Blocked,2026-06-13
7053,89014182021047606142,9341257393,Nano,Active,2022-01-16
7054,89014910445374030606,9987962847,Nano,Active,2023-10-02
7055,89014497720358293099,9308612865,Nano,Active,2024-07-15
7056,89014166867077729847,9924039619,Micro,Active,2022-02-01
7057,89014014059782941857,9837948417,Micro,Active,2023-06-17
7058,89014115297738306798,9184840683,Nano,Active,2023-11-24
7059,89014075787885844963,9696216448,Nano,Active,2025-01-01
7060,89014781127472869352,9987099431,Nano,Active,2023-09-15
7061,89014475203671547126,9445606160,Nano,Active,2022-03-08
7062,89014621673060811981,9607041615,Nano,Active,2023-10-06
7063,89014985983105372831,9047616322,Nano,Inactive,2024-12-03
7064,89014042413290463434,9107697011,Nano,Blocked,2023-07-18
7065,89014033614919593903,9698778491,Nano,Blocked,2023-12-21
7066,89014438964246135469,9429368734,Nano,Active,2025-11-02
7067,89014574971107212319,9206038695,Micro,Active,2022-08-25
7068,89014386229399692938,9232719194,Nano,Inactive,2026-04-18
7069,89014690834080041633,9412167410,Nano,Active,2023-01-01
7070,89014861938632790350,9989560037,Nano,Active,2024-09-02
7071,89014316597516087707,9015933157,Nano,Active,2024-03-28
7072,89014734605182121796,9943606523,Nano,Blocked,2022-10-10
7073,89014030845006851659,9448464065,Nano,Active,2022-11-05
7074,89014637113831068874,9136712602,Nano,Active,2022-10-23
7075,89014096843207398302,9435235529,Nano,Active,2023-10-27
7076,89014187450723132042,9860642466,Nano,Active,2024-10-07
7077,89014509386152656706,9027649972,Nano,Active,2026-02-11
7078,89014456370922498107,9280025769,Nano,Inactive,2024-10-29
7079,89014115786678025430,9438301819,Nano,Active,2026-07-11
7080,89014868894128270968,9054098690,Nano,Inactive,2025-11-14
7081,89014750111932063586,9907924082,Micro,Active,2023-01-17
7082,89014986989537515272,9970527161,Nano,Active,2025-02-07
7083,89014475444451916514,9554154137,Nano,Active,2024-02-04
7084,89014400347577654733,9971790799,Nano,Inactive,2026-05-09
7085,89014158565686079006,9557039032,Nano,Active,2022-05-02
7086,89014088765905624849,9344013321,Nano,Active,2023-02-06
7087,89014146255377971344,9687032557,Nano,Blocked,2025-02-09
7088,89014500875154257880,9737037725,Nano,Active,2025-04-12
7089,89014308719890470198,9480972091,Nano,Active,2022-01-24
7090,89014451682379949734,9840608577,Micro,Active,2024-09-15
7091,89014451412404265577,9977841631,Nano,Active,2025-10-24
7092,89014804035636469301,9114759813,Nano,Active,2026-06-05
7093,89014892066885464441,9537265562,Nano,Active,2025-07-15
7094,89014208655482131367,9223427366,Nano,Inactive,2022-09-15
7095,89014060796738670459,9043010004,Nano,Active,2024-02-08
7096,89014582152474924999,9719827192,Nano,Active,2023-09-25
7097,89014402475330354901,9395709451,Nano,Active,2024-08-18
7098,89014970745564642429,9506592288,Nano,Active,2022-02-08
7099,89014040334061102218,9203205842,Micro,Inactive,2026-05-25
7100,89014948673499721559,9290913772,Nano,Active,2026-03-07
7101,89014516739391762814,9441846981,Nano,Active,2022-08-13
7102,89014336695617672365,9661980849,Nano,Active,2023-08-20
7103,89014800542112966630,9082845649,Nano,Blocked,2023-04-11
7104,89014343447035470709,9542651279,Nano,Active,2025-12-25
7105,89014852136119804141,9736943737,Nano,Active,2026-01-10
7106,89014660956751907851,9911426376,Nano,Active,2021-12-03
7107,89014779888818170973,9542948658,Micro,Inactive,2025-11-05
7108,89014280543835448806,9028781181,Micro,Active,2022-06-03
7109,89014111498279297487,9740804790,Nano,Inactive,2024-04-04
7110,89014043238757706106,9481502489,Nano,Active,2025-09-19
7111,89014109005733710616,9818603288,Nano,Active,2023-02-13
7112,89014829288341078600,9784734680,Nano,Active,2024-02-27
7113,89014805965434437608,9970882968,Nano,Active,2024-03-18
7114,89014984843158745008,9684474610,Nano,Active,2023-02-22
7115,89014533346649795987,9879224942,Nano,Active,2023-03-13
7116,89014893882141004864,9168608302,Nano,Active,2024-10-09
7117,89014533059745330390,9855642368,Nano,Active,2025-10-29
7118,89014145684344302668,9113352689,Nano,Active,2025-11-26
7119,89014027089149254531,9458302299,Nano,Active,2026-03-30
7120,89014476423520344322,9430007249,Nano,Active,2024-02-06
7121,89014898823401853484,9135913801,Nano,Active,2022-03-21
7122,89014508374464157805,9721639898,Nano,Active,2023-07-06
7123,89014546844154671098,9058427539,Nano,Active,2022-06-10
7124,89014559198428334218,9260090340,Micro,Active,2022-10-26
7125,89014874142748597363,9329531166,Nano,Inactive,2022-04-10
7126,89014700131800805398,9559929500,Nano,Active,2021-09-04
7127,89014192756571907041,9729137019,Nano,Active,2025-11-07
7128,89014169195731642638,9357633243,Nano,Active,2023-02-10
7129,89014547112909712190,9194284817,Nano,Active,2025-06-05
7130,89014272044403570022,9114217757,Nano,Active,2023-04-10
7131,89014475637921487671,9873334549,Nano,Active,2026-05-25
7132,89014185719244230983,9858401300,Nano,Active,2024-11-16
7133,89014818153614687051,9797942466,Nano,Blocked,2026-06-17
7134,89014588907519575454,9568124974,Nano,Active,2025-09-09
7135,89014782027640691777,9022351267,Nano,Active,2024-06-04
7136,89014892298902776893,9791762622,Nano,Active,2021-12-23
7137,89014175144987528225,9201078701,Nano,Active,2023-12-25
7138,89014169916064699823,9856696852,Nano,Inactive,2025-09-12
7139,89014870167607954813,9539856591,Nano,Inactive,2025-10-01
7140,89014218699928426094,9114353759,Nano,Active,2024-05-25
7141,89014883981654921434,9279578771,Nano,Active,2025-09-23
7142,89014645513855021901,9256318940,Micro,Active,2023-08-16
7143,89014543896850170462,9976082062,Nano,Active,2025-02-19
7144,89014255872899708566,9367476675,Micro,Active,2021-10-15
7145,89014325632543958598,9444039831,Nano,Active,2022-11-05
7146,89014205336010560443,9226938698,Nano,Active,2024-06-07
7147,89014041956543975791,9269473610,Nano,Active,2022-09-10
7148,89014819947031429175,9042806619,Nano,Active,2025-11-07
7149,89014699596367445226,9426362705,Nano,Active,2025-01-22
7150,89014040532798903561,9604851581,Nano,Inactive,2025-06-01
7151,89014720024644428730,9543934698,Nano,Inactive,2025-09-15
7152,89014495660903320798,9673126056,Nano,Inactive,2023-09-18
7153,89014707824342523226,9811712474,Nano,Active,2023-04-04
7154,89014826862443089443,9470263545,Nano,Active,2025-08-14
7155,89014229570602869562,9706492763,Nano,Active,2022-05-23
7156,89014425981742941612,9153477217,Nano,Active,2024-08-05
7157,89014682723525179959,9646965327,Nano,Active,2022-07-03
7158,89014217672701981298,9043878021,Nano,Active,2026-01-25
7159,89014448950876993117,9253025636,Nano,Active,2026-02-13
7160,89014233958820104108,9873313711,Nano,Active,2022-03-31
7161,89014010231323086884,9993713915,Nano,Active,2021-11-16
7162,89014068334438208420,9595025974,Nano,Active,2024-12-02
7163,89014777349758210834,9396394684,Nano,Active,2023-03-07
7164,89014462825353024794,9366092788,Nano,Active,2022-04-10
7165,89014402950900843143,9297583812,Nano,Active,2025-03-04
7166,89014318432705701982,9215527452,Nano,Active,2023-07-14
7167,89014781337693905111,9920614869,Nano,Active,2021-11-02
7168,89014075132638542736,9089693538,Micro,Active,2025-12-21
7169,89014152914747746425,9681743383,Nano,Inactive,2023-11-30
7170,89014901306451706380,9896294232,Nano,Active,2023-03-29
7171,89014634632607140787,9208654490,Nano,Active,2024-05-01
7172,89014037031806259524,9594378200,Nano,Active,2023-04-04
7173,89014771312092386789,9386304400,Micro,Active,2024-09-17
7174,89014521399578856943,9804183422,Nano,Active,2023-08-11
7175,89014780881589411871,9740267113,Nano,Active,2022-09-02
7176,89014858463743917761,9341956658,Nano,Active,2025-10-08
7177,89014971666273423372,9705670142,Nano,Active,2023-04-19
7178,89014015057898512593,9872891034,Micro,Active,2023-12-01
7179,89014688437236366344,9727188408,Nano,Inactive,2024-11-10
7180,89014761675400224412,9456351512,Nano,Inactive,2024-06-26
7181,89014778478599238218,9170017491,Nano,Active,2022-05-04
7182,89014108222936276264,9088506003,Nano,Active,2025-01-01
7183,89014487364818593524,9104425091,Micro,Active,2023-09-01
7184,89014770470642599305,9727819951,Nano,Active,2024-12-21
7185,89014261811643180010,9748138129,Micro,Inactive,2026-01-15
7186,89014485898088113675,9440265125,Nano,Active,2021-11-26
7187,89014048836540047154,9725946595,Nano,Blocked,2026-05-08
7188,89014132460291655265,9894317164,Nano,Active,2025-01-25
7189,89014958877559848001,9072805444,Micro,Active,2025-08-28
7190,89014405574550237791,9242730233,Nano,Active,2026-05-10
7191,89014257057244781996,9424025458,Nano,Active,2023-12-12
7192,89014762018319175134,9201298375,Nano,Active,2025-08-28
7193,89014581472345698485,9422283441,Nano,Active,2024-10-10
7194,89014937767398762615,9919366689,Nano,Active,2024-08-01
7195,89014443844667652739,9862651057,Nano,Active,2026-02-20
7196,89014592485026973483,9787754344,Nano,Active,2023-02-16
7197,89014942750687376590,9773593633,Micro,Inactive,2026-04-30
7198,89014512755976745212,9885021510,Nano,Active,2021-09-30
7199,89014196146257171324,9444579035,Nano,Inactive,2024-05-23
7200,89014213660140070886,9336375767,Nano,Active,2025-08-11
7201,89014357259169085201,9935215883,Nano,Active,2025-11-02
7202,89014976109665342714,9362824218,Nano,Active,2025-08-19
7203,89014276279013366918,9731762453,Nano,Active,2021-11-05
7204,89014482013110619421,9516050219,Nano,Active,2025-04-12
7205,89014098254311016732,9457517519,Nano,Active,2023-10-16
7206,89014787090052351535,9316641127,Nano,Blocked,2024-09-15
7207,89014373068344664252,9340647972,Nano,Active,2025-02-13
7208,89014879644703678790,9265679931,Nano,Active,2026-03-31
7209,89014834033142992600,9873887410,Nano,Active,2023-12-23
7210,89014435337125128187,9407460756,Micro,Blocked,2026-05-12
7211,89014811665470861141,9423769975,Nano,Inactive,2023-03-11
7212,89014784375118196298,9402265113,Nano,Active,2024-07-28
7213,89014238817242043615,9434869251,Nano,Active,2024-02-27
7214,89014917188900583196,9453732105,Nano,Active,2023-05-16
7215,89014756373537118234,9250376333,Nano,Active,2025-09-18
7216,89014575499276217218,9463668576,Nano,Active,2025-06-12
7217,89014146274091608697,9017498386,Nano,Active,2022-02-15
7218,89014870885382065639,9905090642,Nano,Blocked,2025-03-02
7219,89014452959915788326,9010950406,Micro,Active,2024-04-15
7220,89014572616167508469,9912890254,Nano,Active,2025-08-26
7221,89014580640502022537,9230294719,Nano,Active,2022-06-24
7222,89014887043519709798,9413982250,Nano,Active,2024-04-21
7223,89014421828158639215,9493893665,Nano,Active,2023-08-20
7224,89014400833222088171,9181990715,Nano,Inactive,2023-05-16
7225,89014184065383635501,9323301841,Micro,Blocked,2024-11-03
7226,89014964691480055557,9448401668,Nano,Active,2024-01-23
7227,89014650998030477903,9942935795,Micro,Active,2025-03-31
7228,89014036239577632183,9077746305,Nano,Active,2022-01-11
7229,89014496010820594356,9745286578,Micro,Active,2023-06-27
7230,89014841773032141407,9802275811,Nano,Active,2024-03-22
7231,89014423742016843459,9515075130,Nano,Blocked,2023-03-18
7232,89014285848902530771,9626485470,Nano,Active,2025-09-30
7233,89014880080049280777,9916707768,Nano,Inactive,2025-12-10
7234,89014739669881470238,9485845898,Nano,Active,2026-04-25
7235,89014527690762162712,9847355174,Micro,Active,2023-05-29
7236,89014671949981874011,9764849921,Nano,Inactive,2024-06-23
7237,89014242076787605173,9116309695,Nano,Active,2024-12-26
7238,89014554280200772746,9614256076,Nano,Active,2024-10-14
7239,89014953466784182023,9339314182,Nano,Active,2024-04-29
7240,89014302322138442436,9113915658,Nano,Active,2023-01-01
7241,89014950045233534638,9411188296,Micro,Active,2026-06-12
7242,89014223831221988398,9117958992,Nano,Active,2022-04-02
7243,89014473874897124583,9757547702,Nano,Blocked,2023-03-25
7244,89014746369727546554,9828061191,Micro,Active,2023-10-12
7245,89014123469339568432,9085477032,Nano,Active,2024-10-21
7246,89014377756978959768,9498308937,Nano,Inactive,2024-01-02
7247,89014497221696578135,9891938702,Nano,Active,2025-02-06
7248,89014961783874896200,9679838478,Nano,Active,2026-05-20
7249,89014121742678820000,9023427973,Nano,Active,2024-01-22
7250,89014428962215458805,9664425940,Nano,Inactive,2024-01-02
7251,89014663346953985692,9465179100,Nano,Active,2024-06-02
7252,89014164988848593776,9147719208,Nano,Blocked,2026-02-15
7253,89014057850897610469,9201436615,Nano,Active,2022-04-08
7254,89014494371754711280,9026522693,Nano,Active,2021-10-15
7255,89014772754297223207,9230472880,Nano,Active,2025-06-18
7256,89014416423439583733,9875866962,Nano,Inactive,2023-08-06
7257,89014539529531095358,9536373493,Nano,Active,2021-12-22
7258,89014920059946870936,9270280541,Nano,Active,2025-04-16
7259,89014410611613640795,9753930809,Nano,Active,2024-08-18
7260,89014742444480704004,9447509773,Nano,Active,2025-05-23
7261,89014140136353557751,9634513165,Nano,Inactive,2024-07-15
7262,89014913865550851301,9249231779,Nano,Active,2025-10-21
7263,89014255795780757257,9521719609,Nano,Active,2023-10-18
7264,89014076270115934215,9734229757,Micro,Active,2025-07-11
7265,89014580937747144750,9261183658,Nano,Active,2022-08-04
7266,89014115687766367120,9516654475,Nano,Active,2024-04-09
7267,89014782296683520842,9695526600,Nano,Inactive,2022-08-04
7268,89014935588631835498,9644398064,Nano,Active,2024-09-01
7269,89014568141085974670,9974476741,Nano,Inactive,2026-04-20
7270,89014211429680503282,9604096783,Nano,Active,2024-01-06
7271,89014326812708711523,9514110424,Nano,Active,2022-08-31
7272,89014903120747415316,9812450030,Nano,Active,2024-03-08
7273,89014015153226246326,9863254577,Nano,Active,2022-11-15
7274,89014886715411084756,9507095333,Nano,Inactive,2025-02-21
7275,89014074752916885638,9394201342,Nano,Active,2024-07-18
7276,89014965979875639133,9626362705,Nano,Active,2025-11-10
7277,89014504722947668535,9637449685,Nano,Active,2022-02-16
7278,89014104589106869073,9219531810,Nano,Active,2022-03-01
7279,89014433975589499560,9040988054,Nano,Active,2023-05-03
7280,89014146272818718862,9477724014,Micro,Inactive,2024-07-20
7281,89014461445087844971,9403329225,Nano,Blocked,2023-11-12
7282,89014169770643683723,9237871834,Micro,Active,2024-01-05
7283,89014446616078173171,9252070773,Nano,Active,2026-04-08
7284,89014424145834202172,9826417842,Nano,Inactive,2021-11-21
7285,89014994243645878123,9458969397,Nano,Active,2024-01-13
7286,89014081263595723245,9309726863,Nano,Active,2026-07-03
7287,89014128660049025147,9220516113,Nano,Active,2023-07-19
7288,89014641642355741704,9593148535,Nano,Active,2022-08-29
7289,89014649753600963145,9984238513,Micro,Active,2023-04-10
7290,89014803462596745265,9166243946,Nano,Active,2023-04-02
7291,89014686901879225768,9358375261,Nano,Active,2024-11-29
7292,89014748752024502849,9706092544,Nano,Active,2022-10-19
7293,89014540871472204633,9590330348,Micro,Active,2023-06-19
7294,89014248035891054391,9037911462,Nano,Active,2022-05-03
7295,89014414873389877867,9760428137,Nano,Active,2021-09-21
7296,89014856104406194694,9356702006,Nano,Active,2022-06-12
7297,89014908134487323251,9473409534,Micro,Blocked,2022-11-12
7298,89014971146366926335,9193368555,Nano,Inactive,2024-12-21
7299,89014271812308159530,9607160117,Nano,Active,2022-03-10
7300,89014897660173547840,9008562293,Nano,Active,2024-08-15
7301,89014450862954767372,9334442903,Nano,Active,2023-03-13
7302,89014414597934925935,9130522288,Nano,Inactive,2024-06-16
7303,89014289606885618573,9116656864,Nano,Inactive,2024-06-11
7304,89014980055694760435,9760924830,Nano,Active,2023-01-08
7305,89014241866520493111,9878886536,Micro,Inactive,2023-09-10
7306,89014462395445372656,9395364898,Nano,Active,2025-08-19
7307,89014760275192954370,9035227954,Micro,Active,2024-07-09
7308,89014729646813319236,9145047843,Nano,Blocked,2022-05-09
7309,89014424795581374370,9447148769,Nano,Active,2025-08-11
7310,89014236875303009919,9146794714,Nano,Blocked,2023-07-19
7311,89014503528163243759,9268377603,Nano,Active,2025-09-08
7312,89014654074769027023,9982365921,Nano,Active,2022-07-02
7313,89014186635266916814,9223587723,Nano,Inactive,2024-01-03
7314,89014325879623409026,9851820385,Nano,Active,2022-03-26
7315,89014690643647576353,9924743850,Nano,Active,2025-05-18
7316,89014452031032699329,9647163979,Nano,Active,2022-09-14
7317,89014454349234013462,9702433431,Nano,Inactive,2023-03-09
7318,89014964759899444260,9090559534,Nano,Active,2022-12-18
7319,89014055308996679716,9568689382,Nano,Active,2024-05-22
7320,89014589048055538603,9937930639,Nano,Active,2023-05-10
7321,89014812527561873400,9557620186,Micro,Active,2025-06-26
7322,89014214357169958313,9870510043,Nano,Active,2023-08-28
7323,89014473353656784950,9983962374,Nano,Inactive,2022-01-08
7324,89014852042297004549,9661993554,Nano,Active,2022-06-10
7325,89014956726659456180,9611966675,Nano,Active,2024-02-16
7326,89014107419666281210,9108676030,Nano,Active,2026-07-14
7327,89014765740121335938,9788244076,Nano,Active,2023-05-08
7328,89014845154102070590,9528445430,Nano,Active,2026-05-12
7329,89014461936644825766,9129656577,Nano,Active,2021-12-05
7330,89014177935225321058,9686984591,Nano,Active,2024-04-01
7331,89014778498697148758,9978560726,Nano,Active,2022-01-22
7332,89014012154096496215,9303403675,Micro,Active,2021-12-02
7333,89014734881788193236,9505893617,Nano,Active,2024-06-03
7334,89014524580669396750,9984325517,Nano,Active,2022-03-01
7335,89014634014275227170,9793693760,Nano,Active,2025-12-09
7336,89014994803033152319,9856321230,Nano,Active,2025-09-15
7337,89014075645005647876,9074413160,Nano,Active,2021-12-25
7338,89014034145494429308,9882152260,Nano,Active,2024-08-18
7339,89014196354202621451,9456227804,Nano,Inactive,2022-07-17
7340,89014955946449037139,9402694174,Micro,Active,2026-02-17
7341,89014204720792414014,9430336986,Nano,Active,2021-10-02
7342,89014070309712104453,9661086847,Nano,Active,2024-03-19
7343,89014598845904036111,9524712013,Micro,Active,2024-06-24
7344,89014868080393044619,9754125757,Micro,Active,2024-12-14
7345,89014612778438775262,9097455664,Nano,Inactive,2021-12-10
7346,89014177196785594099,9422585977,Nano,Active,2022-06-19
7347,89014096541955791195,9129226473,Nano,Active,2023-03-07
7348,89014864843874597339,9096596402,Micro,Active,2025-04-16
7349,89014840924299357529,9780561985,Nano,Active,2024-10-28
7350,89014307041392111745,9546552108,Micro,Active,2026-02-16
7351,89014210677595605034,9381924979,Nano,Active,2024-12-24
7352,89014636833665293939,9381326802,Nano,Active,2024-08-10
7353,89014475719389124712,9574159426,Nano,Active,2025-10-01
7354,89014256281026346913,9573295533,Nano,Active,2026-05-02
7355,89014853649234088817,9579317328,Nano,Active,2025-03-25
7356,89014536715257099147,9121139717,Nano,Active,2023-01-10
7357,89014782467568598024,9796524099,Nano,Active,2024-07-30
7358,89014287504690464242,9142975699,Micro,Active,2025-11-15
7359,89014100744725184167,9400994219,Nano,Active,2023-01-31
7360,89014517259649502668,9403044114,Micro,Blocked,2026-01-14
7361,89014440733042794201,9263974247,Nano,Active,2023-11-24
7362,89014316919632714426,9350331807,Micro,Active,2022-06-11
7363,89014985919292110346,9232233025,Micro,Active,2023-03-15
7364,89014905402586597388,9407183186,Nano,Active,2025-03-05
7365,89014015892925117954,9463409228,Nano,Inactive,2026-03-03
7366,89014263059442944861,9766968092,Nano,Active,2022-04-04
7367,89014323639985105095,9952036397,Nano,Active,2025-09-17
7368,89014404372920686443,9852064349,Nano,Active,2023-06-10
7369,89014187895088027305,9274829332,Nano,Active,2022-10-08
7370,89014330049805787219,9600007643,Micro,Active,2023-10-17
7371,89014703892925645537,9797267197,Micro,Active,2022-06-17
7372,89014163483951595277,9113510308,Nano,Active,2021-09-14
7373,89014821568466016511,9149498212,Nano,Active,2023-03-30
7374,89014601915640529480,9547014460,Micro,Inactive,2026-05-22
7375,89014232558585148701,9512331886,Nano,Active,2022-09-19
7376,89014168913000198321,9569679306,Micro,Active,2024-04-16
7377,89014864626996048923,9196472126,Nano,Active,2022-11-28
7378,89014250891185181873,9148817241,Nano,Blocked,2023-11-28
7379,89014021539657532575,9121868941,Nano,Active,2024-03-29
7380,89014522159705689912,9322719953,Nano,Blocked,2023-01-17
7381,89014354081931140500,9623666135,Nano,Active,2023-04-21
7382,89014057877666945179,9000780354,Micro,Inactive,2022-08-29
7383,89014498653681380950,9241963318,Nano,Active,2022-07-24
7384,89014418412044425688,9933443229,Micro,Active,2024-04-08
7385,89014846956782092065,9615024005,Nano,Active,2021-09-14
7386,89014974798474658826,9782560190,Micro,Active,2025-10-04
7387,89014461413757391690,9807652232,Micro,Active,2025-03-20
7388,89014469839552851896,9041260689,Nano,Active,2025-10-01
7389,89014620281364964894,9320578433,Nano,Inactive,2025-08-21
7390,89014210193872010220,9298426176,Nano,Active,2025-02-16
7391,89014932143611238485,9232971847,Nano,Active,2022-12-18
7392,89014933889040955757,9808489015,Nano,Active,2025-12-28
7393,89014991948415638929,9558653776,Nano,Active,2023-04-21
7394,89014293957236864853,9852780178,Nano,Blocked,2022-07-10
7395,89014950432452572053,9291680295,Nano,Blocked,2024-07-02
7396,89014137903261130393,9451324357,Nano,Inactive,2023-01-05
7397,89014530246745726165,9854610684,Nano,Active,2023-10-27
7398,89014045776453946295,9460112861,Nano,Active,2024-08-18
7399,89014199698846971917,9092392355,Nano,Active,2022-12-09
7400,89014871548227641078,9425099296,Nano,Blocked,2024-06-01
7401,89014323259966142046,9207627540,Micro,Active,2025-12-31
7402,89014933008599305790,9437201389,Micro,Active,2025-03-05
7403,89014130680420293620,9886125921,Nano,Active,2025-08-31
7404,89014739582177741313,9272183248,Nano,Inactive,2025-09-18
7405,89014680026070174123,9833739256,Micro,Active,2023-09-24
7406,89014293685109650909,9707681757,Nano,Active,2026-03-07
7407,89014282899748463634,9570117716,Nano,Active,2025-01-01
7408,89014942816044916926,9678405221,Nano,Active,2024-06-10
7409,89014713735047906717,9103984895,Nano,Active,2022-12-23
7410,89014819139735176274,9733681770,Nano,Inactive,2021-09-21
7411,89014953131247153998,9134445350,Micro,Active,2025-08-23
7412,89014228286185575430,9002256290,Nano,Active,2022-06-25
7413,89014163022090989207,9508243198,Nano,Active,2026-07-24
7414,89014815694272439328,9312630856,Nano,Active,2023-04-16
7415,89014412351469696309,9240102837,Micro,Active,2025-08-03
7416,89014808074631886823,9369337271,Nano,Active,2024-06-28
7417,89014498214706593028,9574555223,Nano,Active,2026-06-08
7418,89014643954116130154,9140002474,Nano,Active,2024-05-14
7419,89014972761349809756,9656701006,Nano,Active,2022-01-16
7420,89014193931112414460,9046106102,Nano,Blocked,2025-08-07
7421,89014729545008254928,9735981530,Nano,Active,2024-01-27
7422,89014849748154947008,9080143701,Nano,Active,2023-07-10
7423,89014206595045211675,9560097356,Nano,Active,2025-07-26
7424,89014980803032618459,9883987912,Nano,Active,2024-05-20
7425,89014651035773474491,9213007439,Nano,Active,2024-11-28
7426,89014689756121202927,9820621196,Nano,Inactive,2022-04-02
7427,89014736576321115027,9357061332,Micro,Active,2022-02-12
7428,89014104474953462983,9603381916,Nano,Active,2022-12-11
7429,89014573060388470528,9164061537,Nano,Blocked,2023-01-10
7430,89014211282403090276,9539790584,Nano,Active,2023-07-22
7431,89014335387806558061,9163121700,Nano,Active,2024-10-13
7432,89014163710723114589,9733998834,Nano,Active,2024-03-06
7433,89014288107368320521,9994423776,Nano,Active,2025-10-29
7434,89014510729898074214,9667840434,Nano,Active,2024-10-02
7435,89014397015724943303,9637296958,Nano,Active,2024-11-20
7436,89014351482717054159,9517862781,Nano,Active,2026-01-25
7437,89014474638740136585,9657662652,Nano,Active,2022-07-25
7438,89014265739503489374,9914684804,Nano,Inactive,2022-11-18
7439,89014923408234174640,9747835404,Nano,Blocked,2023-09-11
7440,89014884090768877975,9112906826,Nano,Active,2022-12-05
7441,89014145011809166900,9945438284,Nano,Active,2021-11-12
7442,89014019600262340408,9595960872,Nano,Active,2022-10-30
7443,89014635956970346193,9713148308,Nano,Active,2025-10-10
7444,89014272250740654777,9175500265,Nano,Active,2023-09-30
7445,89014148052241877107,9581731174,Nano,Active,2023-08-23
7446,89014051988903032003,9545111208,Nano,Blocked,2025-12-30
7447,89014787520617200778,9697512853,Nano,Active,2026-06-15
7448,89014628828206866660,9283921992,Nano,Active,2023-01-08
7449,89014916157314517181,9865934381,Micro,Active,2024-03-06
7450,89014083251985485172,9287426641,Nano,Active,2022-01-22
7451,89014097731025467884,9016069226,Micro,Active,2024-05-23
7452,89014865304774340739,9587920991,Nano,Active,2024-09-15
7453,89014246527360680436,9538448491,Nano,Active,2024-03-25
7454,89014423558037172357,9310976491,Nano,Inactive,2025-03-25
7455,89014707133634156760,9260415010,Micro,Active,2023-03-25
7456,89014330097791474438,9095714699,Nano,Active,2023-06-22
7457,89014813982977582083,9908822016,Nano,Active,2022-06-16
7458,89014839217887635716,9734389859,Nano,Active,2023-07-26
7459,89014797904891001378,9114600526,Nano,Active,2024-08-08
7460,89014949350550276788,9412028031,Nano,Active,2026-05-12
7461,89014001227581922840,9979054945,Nano,Blocked,2022-02-14
7462,89014285421804426435,9309308363,Nano,Active,2022-12-01
7463,89014290893071142036,9158781453,Nano,Active,2024-11-01
7464,89014479832764653841,9589109415,Nano,Inactive,2025-10-29
7465,89014482878588053546,9852722715,Nano,Active,2026-02-08
7466,89014602264133999803,9472560051,Nano,Blocked,2023-05-31
7467,89014998538709872967,9275421825,Nano,Inactive,2023-03-18
7468,89014963363385567647,9420426042,Nano,Inactive,2025-02-03
7469,89014078198415124017,9114380351,Nano,Active,2023-02-09
7470,89014707730977679061,9716091254,Nano,Active,2022-09-09
7471,89014599798349186788,9303771920,Nano,Inactive,2021-09-27
7472,89014820030361790373,9378084252,Micro,Active,2024-11-25
7473,89014283884842770394,9810572739,Nano,Active,2023-12-05
7474,89014662641941320509,9761991359,Nano,Inactive,2024-08-19
7475,89014853666155929128,9414448159,Nano,Active,2026-07-04
7476,89014162434304209483,9310444428,Nano,Active,2025-06-03
7477,89014759516523001433,9456057502,Nano,Active,2025-08-09
7478,89014297589955121447,9398299414,Nano,Inactive,2023-12-10
7479,89014630778407086293,9500664448,Nano,Active,2023-10-21
7480,89014261060096815493,9005893517,Nano,Active,2025-06-10
7481,89014490299395429453,9753947818,Nano,Blocked,2023-09-14
7482,89014911028335049687,9846121822,Nano,Blocked,2022-09-21
7483,89014327515170576598,9416157507,Micro,Active,2022-06-14
7484,89014096468984715904,9399502473,Nano,Inactive,2022-01-18
7485,89014770677900349727,9482276814,Nano,Active,2024-02-24
7486,89014586585864780832,9594089145,Nano,Active,2025-08-29
7487,89014927295100237986,9903888218,Nano,Active,2024-10-09
7488,89014372008955863362,9902358584,Micro,Active,2024-10-06
7489,89014996593158774811,9522483758,Nano,Active,2024-04-01
7490,89014759101531082838,9893415964,Nano,Active,2024-10-24
7491,89014149667309544229,9691333074,Nano,Active,2024-08-29
7492,89014392833146213877,9258124177,Nano,Active,2023-07-14
7493,89014610396339860304,9922134619,Micro,Active,2025-11-27
7494,89014040201235212322,9151845996,Micro,Active,2024-09-07
7495,89014462710996493667,9897798393,Nano,Active,2023-11-05
7496,89014446805970606356,9928984615,Nano,Active,2023-09-23
7497,89014250246252732096,9791384703,Nano,Inactive,2022-03-26
7498,89014708072759427556,9821490395,Nano,Active,2022-11-23
7499,89014870373404094152,9729483133,Nano,Active,2023-10-16
7500,89014237226916210745,9670666235,Nano,Active,2026-06-02
7501,89014598432096247919,9720814920,Nano,Active,2024-04-04
7502,89014151226455226609,9947492471,Nano,Active,2021-12-27
7503,89014798246269580572,9301619244,Nano,Active,2025-08-27
7504,89014412040716631715,9727470475,Nano,Active,2025-08-02
7505,89014918244862579970,9721758190,Nano,Active,2022-01-05
7506,89014442642588577171,9586461558,Micro,Active,2026-06-03
7507,89014858576301337056,9059113934,Micro,Active,2024-10-15
7508,89014653772146170674,9086985638,Micro,Active,2024-05-24
7509,89014839150569391604,9361631556,Nano,Active,2022-11-25
7510,89014840766555028135,9612926908,Nano,Blocked,2023-05-11
7511,89014558898959564473,9452736120,Nano,Active,2025-09-25
7512,89014986227388138038,9706826673,Nano,Active,2023-09-23
7513,89014082550878238157,9399897805,Nano,Active,2026-01-23
7514,89014648926411124946,9816667374,Nano,Inactive,2024-07-29
7515,89014112992292831850,9700118735,Micro,Active,2026-01-19
7516,89014918027053496511,9440421150,Nano,Blocked,2025-08-08
7517,89014256778086504397,9662896417,Micro,Active,2021-12-28
7518,89014335534049265679,9325737452,Nano,Active,2024-01-27
7519,89014231951957829769,9514554089,Nano,Inactive,2023-05-06
7520,89014507333032049784,9773254753,Nano,Inactive,2025-11-10
7521,89014600054196214350,9148612750,Nano,Inactive,2023-12-21
7522,89014049726697798798,9785992954,Nano,Active,2026-04-19
7523,89014726978020891672,9654775411,Nano,Active,2024-01-31
7524,89014283895035039702,9959700796,Nano,Active,2022-06-02
7525,89014003010769380712,9516681609,Nano,Active,2023-06-24
7526,89014773099186391852,9894939802,Nano,Active,2026-03-07
7527,89014779565425652487,9920250453,Micro,Active,2026-07-11
7528,89014550097184978365,9738777859,Nano,Active,2024-12-25
7529,89014610238072775872,9087839213,Micro,Active,2025-04-16
7530,89014922329138318501,9928200032,Nano,Active,2022-11-03
7531,89014069998038151263,9322342923,Nano,Blocked,2022-10-29
7532,89014204166872964215,9724554396,Nano,Active,2025-07-07
7533,89014470912001537362,9579542300,Micro,Inactive,2025-03-11
7534,89014803492696954409,9704440552,Nano,Active,2026-06-08
7535,89014615281376540621,9778721551,Nano,Active,2021-10-07
7536,89014563284133843471,9335507529,Nano,Active,2026-06-14
7537,89014644814928488606,9721469059,Nano,Active,2025-04-26
7538,89014456177347058975,9904237613,Nano,Inactive,2024-12-14
7539,89014329434040234195,9213080579,Nano,Inactive,2022-11-05
7540,89014205992179328129,9889162484,Nano,Active,2025-06-10
7541,89014570398341423685,9904464900,Nano,Active,2022-01-19
7542,89014142627972733641,9774389219,Nano,Active,2025-10-03
7543,89014900249172215609,9226140523,Nano,Active,2025-02-21
7544,89014076312292787134,9710323285,Micro,Active,2021-08-16
7545,89014225464417242476,9440968565,Nano,Active,2026-07-13
7546,89014467475151804999,9180579219,Nano,Active,2022-01-31
7547,89014334704013626484,9864830782,Nano,Inactive,2025-03-11
7548,89014974659662192093,9594823692,Nano,Active,2025-06-01
7549,89014521785658001052,9321284528,Nano,Active,2022-12-26
7550,89014598792708881717,9333067701,Nano,Active,2023-04-14
7551,89014242243036187954,9874232179,Nano,Inactive,2023-09-16
7552,89014899882445327824,9659889840,Nano,Active,2023-09-01
7553,89014776500428581047,9393065630,Nano,Active,2025-07-01
7554,89014613342801252455,9112030342,Nano,Inactive,2023-10-21
7555,89014949268567051840,9072131475,Nano,Active,2022-07-28
7556,89014338978273517650,9740571075,Nano,Active,2022-01-11
7557,89014217292811637565,9775636869,Micro,Active,2023-02-02
7558,89014047872992326090,9565082034,Nano,Active,2024-05-19
7559,89014542010297708544,9492459494,Nano,Active,2022-07-10
7560,89014760749121506810,9332185537,Nano,Inactive,2024-11-10
7561,89014236678743241963,9588907707,Nano,Active,2024-02-10
7562,89014589854757714140,9989569477,Micro,Active,2023-03-27
7563,89014921472731467850,9107589329,Nano,Active,2025-08-29
7564,89014145838883783056,9272768772,Nano,Blocked,2022-12-19
7565,89014906191501470041,9609672328,Nano,Inactive,2024-06-03
7566,89014269660397615998,9904667284,Nano,Active,2024-12-26
7567,89014549504657163105,9912600675,Nano,Active,2023-12-13
7568,89014918996759058246,9455982650,Micro,Active,2025-03-22
7569,89014259251412214067,9330836010,Nano,Active,2024-08-11
7570,89014586828813693196,9492238773,Micro,Active,2026-05-12
7571,89014749123498513139,9183764811,Micro,Active,2024-01-17
7572,89014480370025321920,9946791534,Nano,Active,2022-11-24
7573,89014443396160386289,9047797926,Nano,Active,2021-09-28
7574,89014077209453412029,9890267090,Nano,Active,2022-01-27
7575,89014038729989512203,9746640394,Nano,Active,2026-01-12
7576,89014411099209812883,9110172562,Nano,Active,2022-05-17
7577,89014532315227800881,9823094172,Nano,Active,2023-05-15
7578,89014190335645665679,9548617618,Nano,Active,2023-06-18
7579,89014653254616173630,9040106848,Nano,Active,2024-11-05
7580,89014154963119926080,9925257820,Nano,Active,2021-12-27
7581,89014330747817151654,9258117595,Nano,Active,2021-12-07
7582,89014116162773712516,9055719603,Nano,Inactive,2022-02-19
7583,89014968283898596097,9815290082,Nano,Active,2026-04-17
7584,89014107527526852925,9904117280,Micro,Active,2026-04-07
7585,89014448268756086799,9832630587,Nano,Blocked,2021-12-15
7586,89014611099280808266,9865299351,Nano,Active,2022-06-26
7587,89014786306670313784,9141509800,Nano,Active,2024-09-07
7588,89014067605453927840,9726423917,Micro,Inactive,2024-08-25
7589,89014917110447422357,9014590644,Nano,Active,2021-08-14
7590,89014360807595985046,9789114780,Nano,Active,2023-02-02
7591,89014219929210152752,9740236194,Micro,Inactive,2023-06-12
7592,89014773906041360320,9740696272,Nano,Active,2025-11-08
7593,89014743049085734753,9341689563,Nano,Active,2021-08-13
7594,89014314617003702406,9098193204,Micro,Active,2026-07-05
7595,89014200422818895335,9053076264,Nano,Inactive,2024-11-12
7596,89014661060082933287,9115823345,Nano,Active,2025-01-04
7597,89014798778975894675,9747509650,Nano,Inactive,2023-03-04
7598,89014106237352402659,9121760064,Nano,Active,2025-01-26
7599,89014420401031353300,9535231148,Nano,Active,2024-01-31
7600,89014875413141040490,9483401426,Nano,Inactive,2024-09-16
7601,89014939345465029920,9313678796,Micro,Active,2023-07-04
7602,89014964417168583182,9025077405,Micro,Active,2026-01-28
7603,89014449666375354872,9460440138,Nano,Active,2022-01-28
7604,89014945143842863960,9772590440,Nano,Active,2024-08-08
7605,89014940687934652366,9925020665,Nano,Inactive,2023-02-28
7606,89014704716157408976,9890825533,Nano,Inactive,2025-04-13
7607,89014430559511729973,9538996963,Nano,Active,2026-02-26
7608,89014930041174233011,9794517860,Micro,Active,2025-05-19
7609,89014715039950004738,9283317877,Nano,Active,2026-03-01
7610,89014615419910649795,9470547842,Nano,Active,2025-01-15
7611,89014506952867976633,9742370033,Nano,Active,2023-02-11
7612,89014767122162463662,9214026495,Micro,Active,2023-12-01
7613,89014590956802552030,9789135342,Nano,Active,2024-11-26
7614,89014429563746577987,9601204325,Nano,Active,2022-04-09
7615,89014138090805720331,9614746957,Nano,Active,2022-11-22
7616,89014343536932973712,9630673196,Nano,Active,2025-05-25
7617,89014543259615149669,9167460172,Micro,Active,2025-08-27
7618,89014755545186917972,9314936354,Nano,Active,2023-12-04
7619,89014107762766040827,9449516645,Nano,Active,2025-08-24
7620,89014220870769334979,9177510663,Nano,Active,2024-06-28
7621,89014494734056390222,9593562461,Nano,Inactive,2025-07-24
7622,89014604784382988753,9034026055,Nano,Active,2022-06-21
7623,89014762132071306293,9454072380,Nano,Active,2026-05-27
7624,89014425322019521937,9930876997,Nano,Active,2025-01-18
7625,89014688733470192490,9009488118,Nano,Active,2026-08-07
7626,89014723052248269702,9463821945,Micro,Inactive,2024-10-08
7627,89014359112840181770,9268261094,Micro,Active,2023-05-16
7628,89014252363601842504,9134104277,Nano,Active,2023-01-28
7629,89014051188797163609,9996944401,Nano,Blocked,2021-10-26
7630,89014933294562930177,9712497034,Nano,Active,2025-10-04
7631,89014274412594290260,9351486610,Nano,Active,2026-03-07
7632,89014424187545309795,9177859595,Nano,Active,2022-01-31
7633,89014470482789885142,9645469135,Micro,Inactive,2022-12-20
7634,89014650914365651072,9286115084,Micro,Active,2022-05-05
7635,89014428102445837708,9181045136,Nano,Active,2024-09-07
7636,89014979668179860679,9042835025,Nano,Blocked,2023-10-03
7637,89014375962880026938,9877032550,Micro,Inactive,2024-01-03
7638,89014375335990755382,9096433764,Nano,Blocked,2024-08-29
7639,89014332423250334272,9059956673,Nano,Active,2023-11-21
7640,89014965973087144767,9135110188,Nano,Active,2022-04-07
7641,89014995969788908471,9100297432,Nano,Inactive,2025-07-01
7642,89014253394706855216,9994952510,Nano,Blocked,2025-07-08
7643,89014367378629383341,9431076863,Nano,Inactive,2025-02-18
7644,89014912773186141896,9054061669,Nano,Active,2022-12-10
7645,89014179364348369824,9380481498,Nano,Active,2025-08-03
7646,89014122909503811796,9096455686,Nano,Active,2022-01-11
7647,89014135258259684713,9763705774,Nano,Inactive,2022-02-18
7648,89014197003315196715,9706989348,Nano,Active,2023-06-09
7649,89014952120671306186,9422871170,Nano,Inactive,2021-11-12
7650,89014427795894225717,9504867370,Nano,Blocked,2023-10-13
7651,89014689319313217277,9559938913,Nano,Active,2021-12-21
7652,89014840741252371685,9867157154,Nano,Active,2024-08-16
7653,89014560602191465150,9282426979,Nano,Active,2024-07-05
7654,89014772438358098273,9446331140,Nano,Active,2025-06-29
7655,89014808053170339504,9987353400,Nano,Active,2024-01-19
7656,89014590907185877545,9019733557,Nano,Active,2022-07-10
7657,89014689767732872930,9812222875,Nano,Active,2025-01-30
7658,89014109817803802764,9156397765,Nano,Active,2022-02-20
7659,89014220232333327903,9388371465,Micro,Inactive,2026-05-26
7660,89014203253895512511,9784369393,Micro,Active,2023-09-12
7661,89014770588425461695,9555263470,Nano,Active,2025-03-14
7662,89014168834437887901,9515624822,Nano,Inactive,2026-03-23
7663,89014521646455833586,9083259626,Nano,Active,2022-11-24
7664,89014519244098712874,9431652707,Nano,Blocked,2023-06-12
7665,89014929919080873383,9444695995,Nano,Active,2022-02-11
7666,89014291655388600484,9355426056,Nano,Blocked,2026-01-03
7667,89014388977907611412,9029344093,Micro,Active,2023-09-21
7668,89014522990595806225,9576974808,Nano,Active,2024-05-09
7669,89014573178483581986,9212555103,Nano,Active,2025-01-07
7670,89014952648889563110,9822818672,Nano,Active,2026-04-19
7671,89014856769507104894,9964118269,Nano,Active,2022-11-10
7672,89014756209672910939,9188673168,Nano,Active,2022-12-27
7673,89014343526383330778,9434013329,Nano,Active,2025-10-11
7674,89014224618561363318,9448548158,Nano,Active,2023-11-18
7675,89014318692072673250,9106431298,Nano,Active,2022-05-29
7676,89014341983527843277,9995034278,Nano,Active,2024-12-21
7677,89014972977124920557,9946822836,Nano,Active,2021-12-10
7678,89014267467446408186,9736384200,Nano,Active,2023-10-05
7679,89014347257005694812,9527366290,Nano,Inactive,2023-03-08
7680,89014980765157255190,9703879517,Nano,Active,2025-08-16
7681,89014979240381047229,9436276620,Nano,Active,2024-10-03
7682,89014944309248726197,9839182337,Nano,Active,2025-01-01
7683,89014592468510118491,9342857406,Nano,Inactive,2022-05-01
7684,89014522925680781855,9212842238,Micro,Active,2026-02-08
7685,89014546972075602049,9152707815,Nano,Active,2023-11-24
7686,89014818572366998523,9589107492,Nano,Active,2025-09-24
7687,89014956880765757748,9897468864,Nano,Active,2022-11-23
7688,89014543560473784215,9454030533,Micro,Active,2023-02-26
7689,89014816722703637351,9169326437,Nano,Blocked,2022-03-22
7690,89014440592431654424,9978319834,Nano,Active,2026-07-08
7691,89014465757039482065,9602551473,Nano,Active,2026-08-04
7692,89014174778154701474,9724234404,Nano,Active,2024-06-11
7693,89014574050685566791,9711635050,Nano,Inactive,2022-10-02
7694,89014850637212769306,9317348294,Nano,Active,2022-04-03
7695,89014319788268816920,9812576347,Nano,Inactive,2023-08-26
7696,89014517127994430196,9355413214,Nano,Inactive,2026-01-12
7697,89014777132191998323,9739996816,Nano,Active,2024-09-21
7698,89014205901530501106,9779978154,Nano,Active,2025-10-03
7699,89014013057266934909,9720042887,Nano,Active,2024-04-15
7700,89014472226302583896,9608399385,Nano,Active,2025-05-22
7701,89014108517280315930,9496696399,Micro,Active,2024-07-10
7702,89014263569902082884,9567082556,Nano,Active,2022-01-09
7703,89014011705254307241,9160988351,Nano,Active,2025-10-04
7704,89014616855418194440,9335158995,Nano,Active,2026-02-11
7705,89014558558556546024,9168507590,Nano,Active,2023-10-29
7706,89014530887814867040,9377857775,Nano,Active,2023-09-30
7707,89014938905136576909,9890977992,Micro,Active,2025-03-25
7708,89014447426667255870,9676065242,Micro,Inactive,2023-09-13
7709,89014771807847039170,9890726303,Nano,Active,2024-05-26
7710,89014418885587790223,9460203900,Nano,Active,2025-10-20
7711,89014340573693772228,9203084819,Nano,Active,2026-02-05
7712,89014285934962431735,9906522113,Nano,Blocked,2024-10-29
7713,89014224790871674428,9527541428,Nano,Active,2024-05-05
7714,89014646876907871309,9479646706,Nano,Active,2023-05-18
7715,89014663666413652129,9760746650,Nano,Active,2022-12-19
7716,89014954996720472565,9170340840,Nano,Active,2022-10-20
7717,89014586027609090186,9005122765,Nano,Active,2024-04-25
7718,89014694210105132300,9415190237,Nano,Active,2025-12-04
7719,89014924191817244833,9262534628,Nano,Active,2026-07-26
7720,89014577711210652609,9304916653,Micro,Active,2024-07-06
7721,89014086321526800346,9181106569,Nano,Active,2026-02-27
7722,89014474153999080076,9878292863,Nano,Active,2023-07-13
7723,89014367900083047688,9440774688,Nano,Active,2022-08-22
7724,89014887210507261270,9049333405,Micro,Active,2022-11-05
7725,89014187613813581065,9924300529,Nano,Active,2025-11-14
7726,89014318271808531086,9650566117,Nano,Inactive,2024-05-16
7727,89014559785751974773,9885621225,Nano,Active,2024-12-31
7728,89014316356015697819,9171524016,Nano,Active,2026-06-18
7729,89014396375842128563,9126973951,Nano,Active,2023-08-20
7730,89014855433760815718,9235523264,Nano,Active,2024-05-27
7731,89014615451232098017,9686067800,Nano,Active,2023-03-31
7732,89014671558321849484,9272337351,Nano,Active,2025-07-19
7733,89014008120454741783,9725946196,Nano,Active,2022-12-23
7734,89014279460275093892,9234135465,Nano,Active,2021-11-11
7735,89014440432556046579,9026308350,Nano,Active,2023-04-06
7736,89014922804323420576,9363955032,Nano,Inactive,2023-06-04
7737,89014178017185492501,9407553646,Nano,Inactive,2022-06-21
7738,89014314128063545533,9430959230,Nano,Active,2024-07-17
7739,89014338051626748270,9672939857,Nano,Active,2025-12-20
7740,89014538585434979005,9493943514,Nano,Blocked,2026-06-19
7741,89014272356420175523,9121106707,Nano,Active,2023-07-24
7742,89014119332542916308,9009237649,Nano,Active,2024-08-23
7743,89014219756311458899,9053069055,Micro,Active,2022-04-05
7744,89014909468987506529,9313231210,Nano,Active,2024-02-17
7745,89014897396139270380,9233348615,Micro,Active,2021-09-22
7746,89014062030201611695,9695482165,Nano,Active,2022-12-29
7747,89014817877202337488,9362307452,Nano,Active,2025-04-01
7748,89014983303508424116,9331976937,Nano,Active,2021-12-08
7749,89014437108050464101,9645417845,Nano,Active,2023-04-24
7750,89014492374688061630,9305396013,Nano,Active,2021-12-22
7751,89014151438225301012,9829595142,Micro,Active,2022-02-19
7752,89014735099333873306,9594019997,Nano,Active,2024-11-17
7753,89014486144030591308,9461000693,Micro,Blocked,2025-06-09
7754,89014434248805313775,9991659092,Nano,Inactive,2025-12-26
7755,89014752671377358816,9068472035,Nano,Blocked,2023-10-11
7756,89014007279242817417,9680862390,Nano,Active,2022-10-18
7757,89014636114957914946,9152447228,Nano,Active,2025-01-05
7758,89014438290780683479,9711304849,Micro,Blocked,2022-12-12
7759,89014050760968229617,9259460539,Nano,Active,2022-07-27
7760,89014703728639954174,9472368462,Nano,Active,2024-11-07
7761,89014896251881842362,9017069079,Nano,Inactive,2024-04-18
7762,89014428220869650091,9754894574,Nano,Active,2024-01-11
7763,89014480918561418469,9901203840,Nano,Active,2024-12-04
7764,89014226644665422902,9466472070,Nano,Active,2025-03-10
7765,89014907835507058945,9038261701,Nano,Active,2024-11-24
7766,89014275989122357910,9199149452,Micro,Active,2025-05-25
7767,89014800283693802060,9148791684,Nano,Active,2026-01-11
7768,89014498092178600324,9081824058,Nano,Active,2025-04-30
7769,89014985715244395193,9371549245,Nano,Active,2024-02-26
7770,89014917946876799295,9892959600,Nano,Inactive,2022-11-26
7771,89014259153589612513,9943945568,Nano,Active,2022-07-30
7772,89014205221088783817,9720507464,Micro,Active,2022-08-14
7773,89014202268190871394,9678650673,Nano,Active,2026-07-03
7774,89014629646097856553,9975245843,Nano,Active,2024-09-13
7775,89014621901874442186,9906013754,Nano,Active,2021-08-15
7776,89014394284803127281,9222670368,Micro,Active,2022-10-20
7777,89014536599395566590,9717149097,Micro,Active,2022-09-03
7778,89014766542423045403,9605184717,Nano,Active,2023-08-30
7779,89014346467831313637,9828545976,Nano,Active,2025-06-12
7780,89014132612674078793,9199165101,Nano,Active,2024-04-25
7781,89014941027475912110,9958894190,Nano,Active,2025-05-21
7782,89014175030212641157,9699985030,Micro,Active,2023-07-28
7783,89014571553292218106,9679711118,Nano,Active,2021-12-10
7784,89014388789572010691,9258836568,Micro,Active,2023-04-25
7785,89014643214576642618,9815153288,Nano,Active,2025-01-24
7786,89014198255825053053,9861142110,Nano,Active,2021-10-23
7787,89014342576987822247,9343908179,Nano,Active,2025-04-24
7788,89014475259553434463,9134947253,Micro,Active,2023-01-05
7789,89014601515848538654,9273823732,Nano,Active,2025-11-09
7790,89014767164908344062,9495006663,Nano,Active,2022-01-10
7791,89014129834812887754,9323227777,Nano,Inactive,2024-05-16
7792,89014904995244480582,9767716927,Nano,Active,2024-04-01
7793,89014413172913438812,9769153700,Nano,Active,2026-06-14
7794,89014409732345732558,9280959290,Nano,Active,2023-05-30
7795,89014637185474353297,9376973273,Nano,Blocked,2023-12-19
7796,89014135560485565661,9371194810,Nano,Active,2023-12-06
7797,89014797014106908591,9919172025,Nano,Inactive,2021-10-22
7798,89014713012921914175,9961240954,Nano,Active,2023-12-03
7799,89014489965297940511,9236406566,Nano,Inactive,2026-03-05
7800,89014123242008378698,9816713290,Nano,Active,2024-07-16
7801,89014233936237676828,9200751886,Micro,Active,2025-11-30
7802,89014337392618883377,9708459887,Nano,Active,2025-11-20
7803,89014995295062576636,9044284795,Nano,Blocked,2024-07-17
7804,89014273358901197378,9435693139,Nano,Active,2025-12-28
7805,89014079309678025614,9569631128,Nano,Active,2025-05-11
7806,89014619694838742794,9873910138,Nano,Active,2025-01-13
7807,89014038185706525497,9076526144,Nano,Active,2026-04-18
7808,89014083819574906265,9957020920,Nano,Active,2024-11-19
7809,89014298900572796486,9261794508,Nano,Inactive,2022-09-18
7810,89014554657865265032,9416028817,Nano,Active,2022-07-04
7811,89014687994983339436,9676483041,Micro,Active,2022-02-15
7812,89014054480546049782,9720847062,Nano,Active,2023-07-04
7813,89014018032742146165,9282199008,Nano,Active,2022-11-09
7814,89014960740437146568,9069298951,Nano,Active,2025-09-03
7815,89014784204498962953,9778890936,Micro,Active,2024-08-23
7816,89014109182205518536,9397391615,Nano,Active,2025-04-22
7817,89014449483685790011,9747624885,Micro,Inactive,2024-10-03
7818,89014794562851307302,9194060115,Micro,Active,2022-06-19
7819,89014773688336378088,9112084428,Nano,Active,2025-02-23
7820,89014582328673503721,,Nano,Active,2026-05-21
7821,89014128737540698011,,Nano,Active,2025-10-05
7822,89014629759248995962,,Micro,Active,2023-12-06
7823,89014712333260076180,,Nano,Inactive,2026-01-23
7824,89014924586810356539,,Nano,Active,2025-05-26
7825,89014381377280782898,,Nano,Active,2026-01-20
7826,89014664626294040333,,Nano,Active,2022-12-04
7827,89014922022478607455,,Nano,Active,2025-01-07
7828,89014666052645335099,,Nano,Inactive,2024-04-18
7829,89014193213870669304,,Nano,Active,2021-11-07
7830,89014558995893085204,,Nano,Blocked,2026-01-27
7831,89014307202349115115,,Nano,Active,2023-08-12
7832,89014714980256310032,,Nano,Active,2021-12-23
7833,89014972008860573303,,Nano,Active,2026-05-01
7834,89014497471451491440,,Nano,Active,2024-07-09
7835,89014355890343276730,,Nano,Active,2024-12-14
7836,89014741986989504570,,Nano,Active,2022-06-06
7837,89014201216240896588,,Nano,Active,2024-01-17
7838,89014995130085317148,,Nano,Active,2022-10-26
7839,89014836647036255295,,Nano,Active,2023-08-21
7840,89014106805343435425,,Nano,Inactive,2025-12-01
7841,89014582580759753733,,Nano,Active,2025-12-01
7842,89014709359884974550,,Nano,Blocked,2026-03-02
7843,89014267023966659905,,Nano,Active,2023-04-16
7844,89014142413726338198,,Nano,Active,2021-11-22
7845,89014391157856556510,,Nano,Active,2021-12-07
7846,89014708411363587772,,Nano,Inactive,2024-11-07
7847,89014668954298716528,,Nano,Active,2026-04-07
7848,89014874215937729988,,Nano,Active,2025-07-30
7849,89014998581312383259,,Nano,Active,2021-08-31
7850,89014091876469315327,,Nano,Active,2025-09-11
7851,89014746029267441465,,Nano,Inactive,2021-09-21
7852,89014993796622094042,,Nano,Active,2025-05-17
7853,89014141106021866120,,Nano,Active,2026-05-30
7854,89014099454225108319,,Nano,Active,2025-08-20
7855,89014813918904217876,,Nano,Active,2025-04-20
7856,89014266954462127193,,Nano,Inactive,2022-12-05
7857,89014315037077218748,,Nano,Inactive,2026-02-11
7858,89014669045723024045,,Nano,Active,2024-02-26
7859,89014459228493808388,,Nano,Active,2022-12-25
7860,89014133216894613083,,Nano,Blocked,2024-01-14
7861,89014784866667647316,,Nano,Active,2026-05-28
7862,89014588677400216080,,Nano,Active,2025-07-07
7863,89014711882466117643,,Nano,Active,2025-11-27
7864,89014782501611973308,,Nano,Active,2023-08-01
7865,89014754072352766009,,Nano,Active,2023-04-23
7866,89014468612569395805,,Nano,Active,2025-01-14
7867,89014086926646470780,,Nano,Inactive,2022-12-04
7868,89014817375595920618,,Nano,Active,2021-09-11
7869,89014887726669138516,,Nano,Inactive,2022-02-08
7870,89014749880692099014,,Nano,Active,2022-04-09
7871,89014492602064877001,,Nano,Active,2024-04-30
7872,89014148839066489950,,Nano,Active,2025-09-17
7873,89014234978829072640,,Micro,Active,2022-10-19
7874,89014655001234650728,,Nano,Inactive,2022-11-07
7875,89014315337984089450,,Nano,Active,2024-02-09
7876,89014484960668475108,,Nano,Active,2023-12-05
7877,89014709734970349983,,Nano,Active,2023-02-17
7878,89014502730759137673,,Nano,Active,2026-02-08
7879,89014210366614208105,,Nano,Active,2023-07-07
7880,89014144507158007778,,Nano,Blocked,2025-12-12
7881,89014424209319121636,,Nano,Active,2023-01-19
7882,89014994613872009860,,Nano,Active,2026-08-05
7883,89014086641323196549,,Nano,Active,2024-07-16
7884,89014865908273063040,,Nano,Active,2025-05-28
7885,89014849741421989395,,Nano,Active,2022-12-20
7886,89014033019381557025,,Nano,Active,2021-09-10
7887,89014957027946490859,,Nano,Active,2023-02-17
7888,89014180248774544661,,Micro,Active,2024-11-15
7889,89014498126272703359,,Nano,Active,2023-09-18
7890,89014264265290368634,,Nano,Active,2025-03-06
7891,89014114179813906035,,Nano,Active,2022-07-25
7892,89014005875495894491,,Micro,Active,2023-05-25
7893,89014480446265998191,,Nano,Active,2022-08-09
7894,89014050881032800707,,Micro,Active,2024-03-11
7895,89014417050605865510,,Nano,Active,2023-06-02
7896,89014746405717683823,,Micro,Active,2023-03-29
7897,89014341023106405439,,Nano,Active,2021-10-02
7898,89014981357544237570,,Nano,Active,2021-08-17
7899,89014558493350555356,,Nano,Active,2024-07-28
7900,89014535396611905318,,Micro,Active,2022-01-18
7901,89014120075631266516,,Nano,Active,2023-11-18
7902,89014248940528713365,,Nano,Inactive,2025-01-21
7903,89014599004632855697,,Nano,Active,2025-05-24
7904,89014984079535521119,,Nano,Active,2026-05-24
7905,89014977357008930530,,Nano,Active,2026-06-18
7906,89014913843131516797,,Nano,Active,2022-09-19
7907,89014163925519151405,,Nano,Blocked,2023-10-26
7908,89014227439813271743,,Nano,Active,2024-06-11
7909,89014756862175741234,,Nano,Active,2023-04-06
7910,89014860426071347251,,Nano,Active,2022-10-18
7911,89014355264039154037,,Nano,Active,2024-04-10
7912,89014816400695774648,,Nano,Active,2023-04-04
7913,89014406486227368815,,Nano,Active,2026-06-24
7914,89014148650307335091,,Nano,Active,2026-02-11
7915,89014437342803391318,,Nano,Active,2023-06-11
7916,89014043237974838012,,Nano,Active,2022-02-01
7917,89014648197703640965,,Nano,Blocked,2024-04-05
7918,89014031759652111625,,Nano,Active,2024-08-04
7919,89014859359254002837,,Nano,Inactive,2022-03-07
7920,89014351284171326772,,Nano,Active,2025-09-22
7921,89014743512870054175,,Micro,Active,2022-07-07
7922,89014598610372484600,,Nano,Inactive,2022-05-20
7923,89014743411506780812,,Nano,Active,2026-05-18
7924,89014963533772940743,,Nano,Active,2022-02-09
7925,89014517190811743417,,Nano,Active,2022-03-03
7926,89014383841630599659,,Nano,Active,2024-08-28
7927,89014159620670136018,,Micro,Inactive,2022-10-20
7928,89014171667007733169,,Nano,Active,2024-11-22
7929,89014603090326461434,,Nano,Active,2023-09-13
7930,89014004338006736657,,Nano,Active,2022-02-13
7931,89014193374496937170,,Nano,Active,2024-04-07
7932,89014529253145308534,,Nano,Active,2025-03-08
7933,89014189690948200008,,Micro,Active,2025-10-18
7934,89014704142636579420,,Micro,Inactive,2022-02-23
7935,89014623834592050196,,Micro,Active,2024-11-13
7936,89014940493881885536,,Nano,Blocked,2023-06-24
7937,89014099086003556886,,Nano,Active,2025-06-10
7938,89014026429859844315,,Nano,Active,2024-07-11
7939,89014929271054046443,,Nano,Inactive,2022-12-14
7940,89014970913720439903,,Nano,Active,2023-11-27
7941,89014368430522715134,,Nano,Active,2024-05-07
7942,89014220184389867666,,Nano,Inactive,2023-05-24
7943,89014767706264842814,,Nano,Active,2025-01-26
7944,89014337445189500488,,Nano,Active,2025-03-27
7945,89014077160026823850,,Nano,Blocked,2026-03-16
7946,89014554215569423055,,Micro,Active,2024-09-22
7947,89014133657804874412,,Nano,Active,2021-09-20
7948,89014839361709312212,,Nano,Inactive,2025-03-14
7949,89014641521425150382,,Nano,Active,2022-04-05
7950,89014862003204406111,,Micro,Active,2023-01-30
7951,89014775361838720112,,Nano,Active,2022-01-14
7952,89014647495790572332,,Nano,Inactive,2024-08-17
7953,89014497880151893101,,Nano,Active,2023-12-18
7954,89014892465549853520,,Nano,Active,2024-10-15
7955,89014878559485158447,,Micro,Inactive,2024-06-01
7956,89014903438595999035,,Nano,Inactive,2025-06-21
7957,89014785405627258487,,Nano,Inactive,2022-01-03
7958,89014965662365586622,,Nano,Inactive,2023-03-24
7959,89014281246575169905,,Nano,Active,2024-02-10
7960,89014348044746354241,,Micro,Inactive,2024-04-07
7961,89014081029502977622,,Nano,Active,2025-03-13
7962,89014711666923175027,,Micro,Active,2026-01-19
7963,89014420803441288904,,Nano,Active,2021-10-07
7964,89014854876329381130,,Nano,Active,2025-11-17
